W_Fixing_incoming_lead,W_Filling_in application,W_Calling_after_offers,W_Assessing_application,W_Calling _missing_information,W_Check_for_fraud,case_id,event_nr,remaining_time,prediction
0.0,1.0,0.0,0.0,0.0,0.0,211763.0,1.0,577364.0,1288072.125
0.0,1.0,1.0,0.0,0.0,0.0,211763.0,2.0,79001.0,1186741.75
0.0,1.0,1.0,1.0,0.0,0.0,211763.0,3.0,0.0,222990.078125
0.0,1.0,0.0,0.0,0.0,0.0,211769.0,1.0,173650.0,1288072.125
0.0,2.0,0.0,0.0,0.0,0.0,211769.0,2.0,0.0,-1.10864639282e-05
0.0,1.0,0.0,0.0,0.0,0.0,211871.0,1.0,1011809.0,1288072.125
0.0,1.0,1.0,0.0,0.0,0.0,211871.0,2.0,430572.0,1186741.75
0.0,1.0,1.0,1.0,0.0,0.0,211871.0,3.0,267538.0,222990.078125
0.0,1.0,1.0,1.0,1.0,0.0,211871.0,4.0,265993.0,355507.875
0.0,1.0,1.0,2.0,1.0,0.0,211871.0,5.0,13210.0,149330.515625
0.0,1.0,1.0,2.0,2.0,0.0,211871.0,6.0,3053.0,326641.25
0.0,1.0,1.0,2.0,3.0,0.0,211871.0,7.0,0.0,-0.000108361244202
0.0,1.0,0.0,0.0,0.0,0.0,211784.0,1.0,1789129.0,1288072.125
0.0,1.0,1.0,0.0,0.0,0.0,211784.0,2.0,1026998.0,1186741.75
0.0,1.0,1.0,1.0,0.0,0.0,211784.0,3.0,159582.0,222990.078125
0.0,1.0,1.0,1.0,1.0,0.0,211784.0,4.0,0.0,355507.875
0.0,1.0,0.0,0.0,0.0,0.0,211811.0,1.0,232308.0,1288072.125
0.0,2.0,0.0,0.0,0.0,0.0,211811.0,2.0,0.0,-1.10864639282e-05
0.0,1.0,0.0,0.0,0.0,0.0,211793.0,1.0,0.0,1288072.125
0.0,1.0,0.0,0.0,0.0,0.0,211814.0,1.0,0.0,1288072.125
0.0,1.0,0.0,0.0,0.0,0.0,211829.0,1.0,517115.0,1288072.125
0.0,2.0,0.0,0.0,0.0,0.0,211829.0,2.0,0.0,-1.10864639282e-05
0.0,1.0,0.0,0.0,0.0,0.0,211817.0,1.0,1026118.0,1288072.125
0.0,1.0,1.0,0.0,0.0,0.0,211817.0,2.0,1026061.0,1186741.75
0.0,1.0,2.0,0.0,0.0,0.0,211817.0,3.0,0.0,0.0
0.0,1.0,0.0,0.0,0.0,0.0,211826.0,1.0,0.0,1288072.125
1.0,0.0,0.0,0.0,0.0,0.0,211904.0,1.0,1020743.0,633077.0625
1.0,1.0,0.0,0.0,0.0,0.0,211904.0,2.0,1019928.0,1098893.25
1.0,1.0,1.0,0.0,0.0,0.0,211904.0,3.0,1019168.0,1315311.0
1.0,1.0,2.0,0.0,0.0,0.0,211904.0,4.0,0.0,2.68220901489e-07
0.0,1.0,0.0,0.0,0.0,0.0,211850.0,1.0,1104825.0,1288072.125
0.0,1.0,1.0,0.0,0.0,0.0,211850.0,2.0,711506.0,1186741.75
0.0,1.0,1.0,1.0,0.0,0.0,211850.0,3.0,7358.0,222990.078125
0.0,1.0,1.0,1.0,1.0,0.0,211850.0,4.0,0.0,355507.875
0.0,1.0,0.0,0.0,0.0,0.0,211847.0,1.0,1608813.0,1288072.125
0.0,1.0,1.0,0.0,0.0,0.0,211847.0,2.0,1369474.0,1186741.75
0.0,1.0,1.0,1.0,0.0,0.0,211847.0,3.0,352614.0,222990.078125
0.0,1.0,1.0,1.0,1.0,0.0,211847.0,4.0,352588.0,355507.875
0.0,1.0,1.0,2.0,1.0,0.0,211847.0,5.0,0.0,149330.515625
1.0,0.0,0.0,0.0,0.0,0.0,211892.0,1.0,49947.0,633077.0625
1.0,1.0,0.0,0.0,0.0,0.0,211892.0,2.0,0.0,1098893.25
1.0,0.0,0.0,0.0,0.0,0.0,211919.0,1.0,386.0,633077.0625
2.0,0.0,0.0,0.0,0.0,0.0,211919.0,2.0,0.0,2.98023223877e-08
1.0,0.0,0.0,0.0,0.0,0.0,211925.0,1.0,1778911.0,633077.0625
1.0,1.0,0.0,0.0,0.0,0.0,211925.0,2.0,1778586.0,1098893.25
1.0,1.0,1.0,0.0,0.0,0.0,211925.0,3.0,1182724.0,1315311.0
1.0,1.0,2.0,0.0,0.0,0.0,211925.0,4.0,0.0,2.68220901489e-07
1.0,0.0,0.0,0.0,0.0,0.0,211931.0,1.0,626.0,633077.0625
1.0,1.0,0.0,0.0,0.0,0.0,211931.0,2.0,0.0,1098893.25
1.0,0.0,0.0,0.0,0.0,0.0,211946.0,1.0,673137.0,633077.0625
1.0,1.0,0.0,0.0,0.0,0.0,211946.0,2.0,672549.0,1098893.25
1.0,1.0,1.0,0.0,0.0,0.0,211946.0,3.0,618756.0,1315311.0
1.0,1.0,1.0,1.0,0.0,0.0,211946.0,4.0,81277.0,279464.75
1.0,1.0,1.0,2.0,0.0,0.0,211946.0,5.0,0.0,-5.96046447754e-08
0.0,1.0,0.0,0.0,0.0,0.0,211859.0,1.0,757237.0,1288072.125
0.0,1.0,1.0,0.0,0.0,0.0,211859.0,2.0,0.0,1186741.75
1.0,0.0,0.0,0.0,0.0,0.0,211955.0,1.0,1692328.0,633077.0625
1.0,1.0,0.0,0.0,0.0,0.0,211955.0,2.0,1642915.0,1098893.25
1.0,1.0,1.0,0.0,0.0,0.0,211955.0,3.0,931764.0,1315311.0
1.0,1.0,1.0,1.0,0.0,0.0,211955.0,4.0,0.0,279464.75
1.0,0.0,0.0,0.0,0.0,0.0,211799.0,1.0,11408.0,633077.0625
2.0,0.0,0.0,0.0,0.0,0.0,211799.0,2.0,0.0,2.98023223877e-08
0.0,1.0,0.0,0.0,0.0,0.0,211880.0,1.0,608655.0,1288072.125
0.0,1.0,1.0,0.0,0.0,0.0,211880.0,2.0,605455.0,1186741.75
0.0,1.0,1.0,1.0,0.0,0.0,211880.0,3.0,0.0,222990.078125
0.0,1.0,0.0,0.0,0.0,0.0,211898.0,1.0,456608.0,1288072.125
0.0,1.0,1.0,0.0,0.0,0.0,211898.0,2.0,19615.0,1186741.75
0.0,1.0,1.0,1.0,0.0,0.0,211898.0,3.0,1915.0,222990.078125
0.0,1.0,1.0,1.0,0.0,1.0,211898.0,4.0,1844.0,298705.09375
0.0,1.0,1.0,2.0,0.0,1.0,211898.0,5.0,0.0,296424.84375
0.0,1.0,0.0,0.0,0.0,0.0,211883.0,1.0,1143907.0,1288072.125
0.0,1.0,1.0,0.0,0.0,0.0,211883.0,2.0,1134185.0,1186741.75
0.0,1.0,1.0,1.0,0.0,0.0,211883.0,3.0,188789.0,222990.078125
0.0,1.0,1.0,1.0,1.0,0.0,211883.0,4.0,188544.0,355507.875
0.0,1.0,1.0,2.0,1.0,0.0,211883.0,5.0,40.0,149330.515625
0.0,1.0,1.0,3.0,1.0,0.0,211883.0,6.0,0.0,0.000226080417633
1.0,0.0,0.0,0.0,0.0,0.0,211958.0,1.0,0.0,633077.0625
1.0,0.0,0.0,0.0,0.0,0.0,212012.0,1.0,1042704.0,633077.0625
1.0,1.0,0.0,0.0,0.0,0.0,212012.0,2.0,1022074.0,1098893.25
1.0,1.0,1.0,0.0,0.0,0.0,212012.0,3.0,1020589.0,1315311.0
1.0,1.0,1.0,1.0,0.0,0.0,212012.0,4.0,340704.0,279464.75
1.0,1.0,1.0,1.0,1.0,0.0,212012.0,5.0,334250.0,461983.53125
1.0,1.0,1.0,2.0,1.0,0.0,212012.0,6.0,86584.0,223363.6875
1.0,1.0,1.0,3.0,1.0,0.0,212012.0,7.0,0.0,7.45058059692e-07
1.0,0.0,0.0,0.0,0.0,0.0,211994.0,1.0,2889.0,633077.0625
1.0,1.0,0.0,0.0,0.0,0.0,211994.0,2.0,0.0,1098893.25
1.0,0.0,0.0,0.0,0.0,0.0,212015.0,1.0,7900.0,633077.0625
1.0,1.0,0.0,0.0,0.0,0.0,212015.0,2.0,0.0,1098893.25
0.0,1.0,0.0,0.0,0.0,0.0,211901.0,1.0,624153.0,1288072.125
0.0,1.0,1.0,0.0,0.0,0.0,211901.0,2.0,609284.0,1186741.75
0.0,1.0,1.0,1.0,0.0,0.0,211901.0,3.0,3146.0,222990.078125
0.0,1.0,1.0,1.0,1.0,0.0,211901.0,4.0,0.0,355507.875
0.0,1.0,0.0,0.0,0.0,0.0,211907.0,1.0,694742.0,1288072.125
0.0,1.0,1.0,0.0,0.0,0.0,211907.0,2.0,165155.0,1186741.75
0.0,1.0,1.0,1.0,0.0,0.0,211907.0,3.0,70752.0,222990.078125
0.0,1.0,1.0,1.0,1.0,0.0,211907.0,4.0,64375.0,355507.875
0.0,1.0,1.0,2.0,1.0,0.0,211907.0,5.0,0.0,149330.515625
0.0,1.0,0.0,0.0,0.0,0.0,211913.0,1.0,1035228.0,1288072.125
0.0,2.0,0.0,0.0,0.0,0.0,211913.0,2.0,0.0,-1.10864639282e-05
1.0,0.0,0.0,0.0,0.0,0.0,212018.0,1.0,4616.0,633077.0625
1.0,1.0,0.0,0.0,0.0,0.0,212018.0,2.0,0.0,1098893.25
0.0,1.0,0.0,0.0,0.0,0.0,211928.0,1.0,1297634.0,1288072.125
0.0,1.0,1.0,0.0,0.0,0.0,211928.0,2.0,585485.0,1186741.75
0.0,1.0,2.0,0.0,0.0,0.0,211928.0,3.0,0.0,0.0
0.0,1.0,0.0,0.0,0.0,0.0,211916.0,1.0,1295804.0,1288072.125
0.0,1.0,1.0,0.0,0.0,0.0,211916.0,2.0,510770.0,1186741.75
0.0,1.0,1.0,1.0,0.0,0.0,211916.0,3.0,53203.0,222990.078125
0.0,1.0,1.0,2.0,0.0,0.0,211916.0,4.0,0.0,-1.96695327759e-06
0.0,1.0,0.0,0.0,0.0,0.0,211997.0,1.0,536911.0,1288072.125
0.0,1.0,1.0,0.0,0.0,0.0,211997.0,2.0,500414.0,1186741.75
0.0,1.0,1.0,1.0,0.0,0.0,211997.0,3.0,9472.0,222990.078125
0.0,1.0,1.0,2.0,0.0,0.0,211997.0,4.0,0.0,-1.96695327759e-06
0.0,1.0,0.0,0.0,0.0,0.0,211937.0,1.0,106258.0,1288072.125
0.0,2.0,0.0,0.0,0.0,0.0,211937.0,2.0,0.0,-1.10864639282e-05
0.0,1.0,0.0,0.0,0.0,0.0,211940.0,1.0,1248448.0,1288072.125
0.0,1.0,1.0,0.0,0.0,0.0,211940.0,2.0,557853.0,1186741.75
0.0,1.0,2.0,0.0,0.0,0.0,211940.0,3.0,0.0,0.0
0.0,1.0,0.0,0.0,0.0,0.0,211952.0,1.0,697498.0,1288072.125
0.0,1.0,1.0,0.0,0.0,0.0,211952.0,2.0,252088.0,1186741.75
0.0,1.0,1.0,1.0,0.0,0.0,211952.0,3.0,157624.0,222990.078125
0.0,1.0,1.0,1.0,1.0,0.0,211952.0,4.0,148861.0,355507.875
0.0,1.0,1.0,2.0,1.0,0.0,211952.0,5.0,0.0,149330.515625
0.0,1.0,0.0,0.0,0.0,0.0,211961.0,1.0,13526.0,1288072.125
0.0,2.0,0.0,0.0,0.0,0.0,211961.0,2.0,0.0,-1.10864639282e-05
0.0,1.0,0.0,0.0,0.0,0.0,212058.0,1.0,8175.0,1288072.125
0.0,2.0,0.0,0.0,0.0,0.0,212058.0,2.0,0.0,-1.10864639282e-05
0.0,1.0,0.0,0.0,0.0,0.0,211949.0,1.0,711106.0,1288072.125
0.0,1.0,1.0,0.0,0.0,0.0,211949.0,2.0,0.0,1186741.75
0.0,1.0,0.0,0.0,0.0,0.0,211964.0,1.0,1314385.0,1288072.125
0.0,1.0,1.0,0.0,0.0,0.0,211964.0,2.0,1277137.0,1186741.75
0.0,1.0,2.0,0.0,0.0,0.0,211964.0,3.0,0.0,0.0
0.0,1.0,0.0,0.0,0.0,0.0,211970.0,1.0,1331726.0,1288072.125
0.0,1.0,1.0,0.0,0.0,0.0,211970.0,2.0,618729.0,1186741.75
0.0,1.0,2.0,0.0,0.0,0.0,211970.0,3.0,0.0,0.0
0.0,1.0,0.0,0.0,0.0,0.0,211967.0,1.0,1329435.0,1288072.125
0.0,1.0,1.0,0.0,0.0,0.0,211967.0,2.0,1223289.0,1186741.75
0.0,1.0,2.0,0.0,0.0,0.0,211967.0,3.0,0.0,0.0
0.0,1.0,0.0,0.0,0.0,0.0,211973.0,1.0,12278.0,1288072.125
0.0,2.0,0.0,0.0,0.0,0.0,211973.0,2.0,0.0,-1.10864639282e-05
0.0,1.0,0.0,0.0,0.0,0.0,211979.0,1.0,464912.0,1288072.125
0.0,2.0,0.0,0.0,0.0,0.0,211979.0,2.0,0.0,-1.10864639282e-05
0.0,1.0,0.0,0.0,0.0,0.0,212037.0,1.0,5153.0,1288072.125
0.0,2.0,0.0,0.0,0.0,0.0,212037.0,2.0,0.0,-1.10864639282e-05
0.0,1.0,0.0,0.0,0.0,0.0,211988.0,1.0,1207121.0,1288072.125
0.0,2.0,0.0,0.0,0.0,0.0,211988.0,2.0,0.0,-1.10864639282e-05
0.0,1.0,0.0,0.0,0.0,0.0,212003.0,1.0,696188.0,1288072.125
0.0,1.0,1.0,0.0,0.0,0.0,212003.0,2.0,677861.0,1186741.75
0.0,1.0,1.0,1.0,0.0,0.0,212003.0,3.0,129.0,222990.078125
0.0,1.0,1.0,1.0,1.0,0.0,212003.0,4.0,0.0,355507.875
0.0,1.0,0.0,0.0,0.0,0.0,212009.0,1.0,708441.0,1288072.125
0.0,1.0,1.0,0.0,0.0,0.0,212009.0,2.0,697053.0,1186741.75
0.0,1.0,1.0,1.0,0.0,0.0,212009.0,3.0,13776.0,222990.078125
0.0,1.0,1.0,1.0,1.0,0.0,212009.0,4.0,4995.0,355507.875
0.0,1.0,1.0,1.0,2.0,0.0,212009.0,5.0,0.0,0.0
0.0,1.0,0.0,0.0,0.0,0.0,212073.0,1.0,698.0,1288072.125
0.0,2.0,0.0,0.0,0.0,0.0,212073.0,2.0,0.0,-1.10864639282e-05
1.0,0.0,0.0,0.0,0.0,0.0,212064.0,1.0,3809.0,633077.0625
2.0,0.0,0.0,0.0,0.0,0.0,212064.0,2.0,0.0,2.98023223877e-08
0.0,1.0,0.0,0.0,0.0,0.0,212052.0,1.0,1038194.0,1288072.125
0.0,1.0,1.0,0.0,0.0,0.0,212052.0,2.0,434302.0,1186741.75
0.0,1.0,1.0,1.0,0.0,0.0,212052.0,3.0,12542.0,222990.078125
0.0,1.0,1.0,1.0,1.0,0.0,212052.0,4.0,8892.0,355507.875
0.0,1.0,1.0,2.0,1.0,0.0,212052.0,5.0,0.0,149330.515625
0.0,1.0,0.0,0.0,0.0,0.0,212055.0,1.0,1302286.0,1288072.125
0.0,1.0,1.0,0.0,0.0,0.0,212055.0,2.0,1286929.0,1186741.75
0.0,1.0,2.0,0.0,0.0,0.0,212055.0,3.0,0.0,0.0
0.0,1.0,0.0,0.0,0.0,0.0,212079.0,1.0,1174.0,1288072.125
0.0,1.0,1.0,0.0,0.0,0.0,212079.0,2.0,652.0,1186741.75
0.0,1.0,1.0,1.0,0.0,0.0,212079.0,3.0,0.0,222990.078125
1.0,0.0,0.0,0.0,0.0,0.0,212067.0,1.0,3368.0,633077.0625
2.0,0.0,0.0,0.0,0.0,0.0,212067.0,2.0,0.0,2.98023223877e-08
0.0,1.0,0.0,0.0,0.0,0.0,212021.0,1.0,702401.0,1288072.125
0.0,2.0,0.0,0.0,0.0,0.0,212021.0,2.0,0.0,-1.10864639282e-05
0.0,1.0,0.0,0.0,0.0,0.0,212043.0,1.0,1547881.0,1288072.125
0.0,1.0,1.0,0.0,0.0,0.0,212043.0,2.0,840359.0,1186741.75
0.0,1.0,1.0,1.0,0.0,0.0,212043.0,3.0,263350.0,222990.078125
0.0,1.0,1.0,1.0,1.0,0.0,212043.0,4.0,259763.0,355507.875
0.0,1.0,1.0,2.0,1.0,0.0,212043.0,5.0,3954.0,149330.515625
0.0,1.0,1.0,3.0,1.0,0.0,212043.0,6.0,0.0,0.000226080417633
0.0,1.0,0.0,0.0,0.0,0.0,212091.0,1.0,604586.0,1288072.125
0.0,1.0,1.0,0.0,0.0,0.0,212091.0,2.0,175123.0,1186741.75
0.0,1.0,1.0,1.0,0.0,0.0,212091.0,3.0,12738.0,222990.078125
0.0,1.0,1.0,2.0,0.0,0.0,212091.0,4.0,0.0,-1.96695327759e-06
0.0,1.0,0.0,0.0,0.0,0.0,212061.0,1.0,1033459.0,1288072.125
0.0,1.0,1.0,0.0,0.0,0.0,212061.0,2.0,951844.0,1186741.75
0.0,1.0,1.0,1.0,0.0,0.0,212061.0,3.0,66676.0,222990.078125
0.0,1.0,1.0,2.0,0.0,0.0,212061.0,4.0,0.0,-1.96695327759e-06
1.0,0.0,0.0,0.0,0.0,0.0,212103.0,1.0,1223451.0,633077.0625
1.0,1.0,0.0,0.0,0.0,0.0,212103.0,2.0,1222137.0,1098893.25
1.0,1.0,1.0,0.0,0.0,0.0,212103.0,3.0,451459.0,1315311.0
1.0,1.0,1.0,1.0,0.0,0.0,212103.0,4.0,0.0,279464.75
0.0,1.0,0.0,0.0,0.0,0.0,212070.0,1.0,2237.0,1288072.125
0.0,2.0,0.0,0.0,0.0,0.0,212070.0,2.0,0.0,-1.10864639282e-05
1.0,0.0,0.0,0.0,0.0,0.0,212088.0,1.0,0.0,633077.0625
1.0,0.0,0.0,0.0,0.0,0.0,212100.0,1.0,193.0,633077.0625
2.0,0.0,0.0,0.0,0.0,0.0,212100.0,2.0,0.0,2.98023223877e-08
1.0,0.0,0.0,0.0,0.0,0.0,212106.0,1.0,0.0,633077.0625
0.0,1.0,0.0,0.0,0.0,0.0,212040.0,1.0,1736362.0,1288072.125
0.0,1.0,1.0,0.0,0.0,0.0,212040.0,2.0,1392925.0,1186741.75
0.0,1.0,2.0,0.0,0.0,0.0,212040.0,3.0,0.0,0.0
0.0,1.0,0.0,0.0,0.0,0.0,212082.0,1.0,1033990.0,1288072.125
0.0,1.0,1.0,0.0,0.0,0.0,212082.0,2.0,1019235.0,1186741.75
0.0,1.0,2.0,0.0,0.0,0.0,212082.0,3.0,0.0,0.0
0.0,1.0,0.0,0.0,0.0,0.0,212085.0,1.0,555.0,1288072.125
0.0,2.0,0.0,0.0,0.0,0.0,212085.0,2.0,0.0,-1.10864639282e-05
0.0,1.0,0.0,0.0,0.0,0.0,212115.0,1.0,1651819.0,1288072.125
0.0,2.0,0.0,0.0,0.0,0.0,212115.0,2.0,0.0,-1.10864639282e-05
1.0,0.0,0.0,0.0,0.0,0.0,212124.0,1.0,432.0,633077.0625
2.0,0.0,0.0,0.0,0.0,0.0,212124.0,2.0,0.0,2.98023223877e-08
1.0,0.0,0.0,0.0,0.0,0.0,212118.0,1.0,1640611.0,633077.0625
1.0,1.0,0.0,0.0,0.0,0.0,212118.0,2.0,1640213.0,1098893.25
1.0,1.0,1.0,0.0,0.0,0.0,212118.0,3.0,1637515.0,1315311.0
1.0,1.0,2.0,0.0,0.0,0.0,212118.0,4.0,0.0,2.68220901489e-07
0.0,1.0,0.0,0.0,0.0,0.0,212109.0,1.0,603721.0,1288072.125
0.0,1.0,1.0,0.0,0.0,0.0,212109.0,2.0,171867.0,1186741.75
0.0,1.0,1.0,1.0,0.0,0.0,212109.0,3.0,954.0,222990.078125
0.0,1.0,1.0,2.0,0.0,0.0,212109.0,4.0,0.0,-1.96695327759e-06
0.0,1.0,0.0,0.0,0.0,0.0,212121.0,1.0,184223.0,1288072.125
0.0,2.0,0.0,0.0,0.0,0.0,212121.0,2.0,0.0,-1.10864639282e-05
1.0,0.0,0.0,0.0,0.0,0.0,212127.0,1.0,0.0,633077.0625
1.0,0.0,0.0,0.0,0.0,0.0,212139.0,1.0,1724274.0,633077.0625
1.0,1.0,0.0,0.0,0.0,0.0,212139.0,2.0,1724050.0,1098893.25
1.0,1.0,1.0,0.0,0.0,0.0,212139.0,3.0,1723987.0,1315311.0
1.0,1.0,2.0,0.0,0.0,0.0,212139.0,4.0,0.0,2.68220901489e-07
0.0,1.0,0.0,0.0,0.0,0.0,212136.0,1.0,3045.0,1288072.125
0.0,2.0,0.0,0.0,0.0,0.0,212136.0,2.0,0.0,-1.10864639282e-05
0.0,1.0,0.0,0.0,0.0,0.0,212163.0,1.0,1652751.0,1288072.125
0.0,1.0,1.0,0.0,0.0,0.0,212163.0,2.0,1641733.0,1186741.75
0.0,1.0,2.0,0.0,0.0,0.0,212163.0,3.0,0.0,0.0
1.0,0.0,0.0,0.0,0.0,0.0,212157.0,1.0,1658524.0,633077.0625
1.0,1.0,0.0,0.0,0.0,0.0,212157.0,2.0,1658309.0,1098893.25
1.0,1.0,1.0,0.0,0.0,0.0,212157.0,3.0,1480834.0,1315311.0
1.0,1.0,2.0,0.0,0.0,0.0,212157.0,4.0,0.0,2.68220901489e-07
1.0,0.0,0.0,0.0,0.0,0.0,212154.0,1.0,1052788.0,633077.0625
1.0,1.0,0.0,0.0,0.0,0.0,212154.0,2.0,1051279.0,1098893.25
1.0,1.0,1.0,0.0,0.0,0.0,212154.0,3.0,291063.0,1315311.0
1.0,1.0,2.0,0.0,0.0,0.0,212154.0,4.0,0.0,2.68220901489e-07
0.0,1.0,0.0,0.0,0.0,0.0,212130.0,1.0,118.0,1288072.125
0.0,2.0,0.0,0.0,0.0,0.0,212130.0,2.0,0.0,-1.10864639282e-05
1.0,0.0,0.0,0.0,0.0,0.0,212160.0,1.0,0.0,633077.0625
1.0,0.0,0.0,0.0,0.0,0.0,212166.0,1.0,1101950.0,633077.0625
1.0,1.0,0.0,0.0,0.0,0.0,212166.0,2.0,1101555.0,1098893.25
1.0,2.0,0.0,0.0,0.0,0.0,212166.0,3.0,0.0,0.0
0.0,1.0,0.0,0.0,0.0,0.0,212172.0,1.0,759525.0,1288072.125
0.0,1.0,1.0,0.0,0.0,0.0,212172.0,2.0,0.0,1186741.75
0.0,1.0,0.0,0.0,0.0,0.0,212175.0,1.0,695242.0,1288072.125
0.0,1.0,1.0,0.0,0.0,0.0,212175.0,2.0,0.0,1186741.75
0.0,1.0,0.0,0.0,0.0,0.0,212181.0,1.0,0.0,1288072.125
0.0,1.0,0.0,0.0,0.0,0.0,212187.0,1.0,755547.0,1288072.125
0.0,1.0,1.0,0.0,0.0,0.0,212187.0,2.0,0.0,1186741.75
1.0,0.0,0.0,0.0,0.0,0.0,212145.0,1.0,347855.0,633077.0625
1.0,1.0,0.0,0.0,0.0,0.0,212145.0,2.0,345056.0,1098893.25
1.0,2.0,0.0,0.0,0.0,0.0,212145.0,3.0,0.0,0.0
1.0,0.0,0.0,0.0,0.0,0.0,212205.0,1.0,0.0,633077.0625
1.0,0.0,0.0,0.0,0.0,0.0,212190.0,1.0,0.0,633077.0625
0.0,1.0,0.0,0.0,0.0,0.0,212196.0,1.0,1016223.0,1288072.125
0.0,1.0,1.0,0.0,0.0,0.0,212196.0,2.0,1003938.0,1186741.75
0.0,1.0,1.0,1.0,0.0,0.0,212196.0,3.0,349118.0,222990.078125
0.0,1.0,1.0,1.0,1.0,0.0,212196.0,4.0,348578.0,355507.875
0.0,1.0,1.0,2.0,1.0,0.0,212196.0,5.0,326953.0,149330.515625
0.0,1.0,1.0,3.0,1.0,0.0,212196.0,6.0,0.0,0.000226080417633
0.0,1.0,0.0,0.0,0.0,0.0,212226.0,1.0,1551999.0,1288072.125
0.0,1.0,1.0,0.0,0.0,0.0,212226.0,2.0,1551639.0,1186741.75
0.0,1.0,1.0,1.0,0.0,0.0,212226.0,3.0,871691.0,222990.078125
0.0,1.0,1.0,1.0,1.0,0.0,212226.0,4.0,617255.0,355507.875
0.0,1.0,1.0,2.0,1.0,0.0,212226.0,5.0,0.0,149330.515625
0.0,1.0,0.0,0.0,0.0,0.0,212232.0,1.0,1269439.0,1288072.125
0.0,1.0,1.0,0.0,0.0,0.0,212232.0,2.0,518053.0,1186741.75
0.0,1.0,2.0,0.0,0.0,0.0,212232.0,3.0,0.0,0.0
0.0,1.0,0.0,0.0,0.0,0.0,212235.0,1.0,750859.0,1288072.125
0.0,1.0,1.0,0.0,0.0,0.0,212235.0,2.0,749990.0,1186741.75
0.0,1.0,2.0,0.0,0.0,0.0,212235.0,3.0,0.0,0.0
0.0,1.0,0.0,0.0,0.0,0.0,212238.0,1.0,1720484.0,1288072.125
0.0,1.0,1.0,0.0,0.0,0.0,212238.0,2.0,1711338.0,1186741.75
0.0,1.0,1.0,1.0,0.0,0.0,212238.0,3.0,530606.0,222990.078125
0.0,1.0,1.0,1.0,1.0,0.0,212238.0,4.0,528901.0,355507.875
0.0,1.0,1.0,2.0,1.0,0.0,212238.0,5.0,0.0,149330.515625
0.0,1.0,0.0,0.0,0.0,0.0,212223.0,1.0,1651948.0,1288072.125
0.0,1.0,1.0,0.0,0.0,0.0,212223.0,2.0,1642856.0,1186741.75
0.0,1.0,2.0,0.0,0.0,0.0,212223.0,3.0,0.0,0.0
1.0,0.0,0.0,0.0,0.0,0.0,212244.0,1.0,435525.0,633077.0625
1.0,1.0,0.0,0.0,0.0,0.0,212244.0,2.0,427240.0,1098893.25
1.0,2.0,0.0,0.0,0.0,0.0,212244.0,3.0,0.0,0.0
1.0,0.0,0.0,0.0,0.0,0.0,212247.0,1.0,1192051.0,633077.0625
1.0,1.0,0.0,0.0,0.0,0.0,212247.0,2.0,1191323.0,1098893.25
1.0,1.0,1.0,0.0,0.0,0.0,212247.0,3.0,1183706.0,1315311.0
1.0,1.0,1.0,1.0,0.0,0.0,212247.0,4.0,597038.0,279464.75
1.0,1.0,1.0,1.0,1.0,0.0,212247.0,5.0,530533.0,461983.53125
1.0,1.0,1.0,2.0,1.0,0.0,212247.0,6.0,272271.0,223363.6875
1.0,1.0,1.0,2.0,2.0,0.0,212247.0,7.0,251282.0,486961.375
1.0,1.0,1.0,2.0,3.0,0.0,212247.0,8.0,0.0,0.0416013896465
1.0,0.0,0.0,0.0,0.0,0.0,212262.0,1.0,964.0,633077.0625
1.0,1.0,0.0,0.0,0.0,0.0,212262.0,2.0,0.0,1098893.25
1.0,0.0,0.0,0.0,0.0,0.0,212268.0,1.0,1708730.0,633077.0625
1.0,1.0,0.0,0.0,0.0,0.0,212268.0,2.0,1658142.0,1098893.25
1.0,1.0,1.0,0.0,0.0,0.0,212268.0,3.0,1624823.0,1315311.0
1.0,1.0,1.0,1.0,0.0,0.0,212268.0,4.0,530455.0,279464.75
1.0,1.0,1.0,1.0,1.0,0.0,212268.0,5.0,527839.0,461983.53125
1.0,1.0,1.0,2.0,1.0,0.0,212268.0,6.0,443894.0,223363.6875
1.0,1.0,1.0,2.0,2.0,0.0,212268.0,7.0,439492.0,486961.375
1.0,1.0,1.0,2.0,3.0,0.0,212268.0,8.0,0.0,0.0416013896465
1.0,0.0,0.0,0.0,0.0,0.0,212271.0,1.0,1624463.0,633077.0625
1.0,1.0,0.0,0.0,0.0,0.0,212271.0,2.0,1573203.0,1098893.25
1.0,1.0,1.0,0.0,0.0,0.0,212271.0,3.0,1104605.0,1315311.0
1.0,1.0,2.0,0.0,0.0,0.0,212271.0,4.0,0.0,2.68220901489e-07
0.0,1.0,0.0,0.0,0.0,0.0,212280.0,1.0,1693237.0,1288072.125
0.0,1.0,1.0,0.0,0.0,0.0,212280.0,2.0,1693189.0,1186741.75
0.0,1.0,2.0,0.0,0.0,0.0,212280.0,3.0,0.0,0.0
1.0,0.0,0.0,0.0,0.0,0.0,212277.0,1.0,0.0,633077.0625
1.0,0.0,0.0,0.0,0.0,0.0,212286.0,1.0,1618485.0,633077.0625
1.0,1.0,0.0,0.0,0.0,0.0,212286.0,2.0,1569372.0,1098893.25
1.0,1.0,1.0,0.0,0.0,0.0,212286.0,3.0,867162.0,1315311.0
1.0,1.0,2.0,0.0,0.0,0.0,212286.0,4.0,0.0,2.68220901489e-07
0.0,1.0,0.0,0.0,0.0,0.0,212289.0,1.0,1185609.0,1288072.125
0.0,1.0,1.0,0.0,0.0,0.0,212289.0,2.0,1185460.0,1186741.75
0.0,1.0,1.0,1.0,0.0,0.0,212289.0,3.0,256481.0,222990.078125
0.0,1.0,1.0,1.0,1.0,0.0,212289.0,4.0,188988.0,355507.875
0.0,1.0,1.0,2.0,1.0,0.0,212289.0,5.0,102981.0,149330.515625
0.0,1.0,1.0,2.0,2.0,0.0,212289.0,6.0,84733.0,326641.25
0.0,1.0,1.0,3.0,2.0,0.0,212289.0,7.0,1512.0,104732.710938
0.0,1.0,1.0,4.0,2.0,0.0,212289.0,8.0,0.0,-0.000645637512207
0.0,1.0,0.0,0.0,0.0,0.0,212295.0,1.0,1023498.0,1288072.125
0.0,1.0,1.0,0.0,0.0,0.0,212295.0,2.0,615012.0,1186741.75
0.0,1.0,1.0,1.0,0.0,0.0,212295.0,3.0,432432.0,222990.078125
0.0,1.0,1.0,1.0,1.0,0.0,212295.0,4.0,431536.0,355507.875
0.0,1.0,1.0,2.0,1.0,0.0,212295.0,5.0,0.0,149330.515625
1.0,0.0,0.0,0.0,0.0,0.0,212184.0,1.0,1657273.0,633077.0625
1.0,1.0,0.0,0.0,0.0,0.0,212184.0,2.0,1640161.0,1098893.25
1.0,1.0,1.0,0.0,0.0,0.0,212184.0,3.0,950225.0,1315311.0
1.0,1.0,1.0,1.0,0.0,0.0,212184.0,4.0,154346.0,279464.75
1.0,1.0,1.0,2.0,0.0,0.0,212184.0,5.0,0.0,-5.96046447754e-08
1.0,0.0,0.0,0.0,0.0,0.0,212214.0,1.0,32281.0,633077.0625
1.0,1.0,0.0,0.0,0.0,0.0,212214.0,2.0,18175.0,1098893.25
1.0,2.0,0.0,0.0,0.0,0.0,212214.0,3.0,0.0,0.0
1.0,0.0,0.0,0.0,0.0,0.0,212331.0,1.0,1062581.0,633077.0625
1.0,1.0,0.0,0.0,0.0,0.0,212331.0,2.0,1056449.0,1098893.25
1.0,2.0,0.0,0.0,0.0,0.0,212331.0,3.0,0.0,0.0
0.0,1.0,0.0,0.0,0.0,0.0,212250.0,1.0,358040.0,1288072.125
0.0,2.0,0.0,0.0,0.0,0.0,212250.0,2.0,0.0,-1.10864639282e-05
1.0,0.0,0.0,0.0,0.0,0.0,212304.0,1.0,0.0,633077.0625
0.0,1.0,0.0,0.0,0.0,0.0,212298.0,1.0,1039685.0,1288072.125
0.0,1.0,1.0,0.0,0.0,0.0,212298.0,2.0,1019879.0,1186741.75
0.0,1.0,1.0,1.0,0.0,0.0,212298.0,3.0,0.0,222990.078125
0.0,1.0,0.0,0.0,0.0,0.0,212265.0,1.0,1574575.0,1288072.125
0.0,1.0,1.0,0.0,0.0,0.0,212265.0,2.0,962222.0,1186741.75
0.0,1.0,1.0,1.0,0.0,0.0,212265.0,3.0,0.0,222990.078125
1.0,0.0,0.0,0.0,0.0,0.0,212334.0,1.0,0.0,633077.0625
1.0,0.0,0.0,0.0,0.0,0.0,212361.0,1.0,1580460.0,633077.0625
1.0,1.0,0.0,0.0,0.0,0.0,212361.0,2.0,1573985.0,1098893.25
1.0,1.0,1.0,0.0,0.0,0.0,212361.0,3.0,1553273.0,1315311.0
1.0,1.0,2.0,0.0,0.0,0.0,212361.0,4.0,0.0,2.68220901489e-07
1.0,0.0,0.0,0.0,0.0,0.0,212377.0,1.0,12655.0,633077.0625
1.0,1.0,0.0,0.0,0.0,0.0,212377.0,2.0,9021.0,1098893.25
1.0,2.0,0.0,0.0,0.0,0.0,212377.0,3.0,0.0,0.0
1.0,0.0,0.0,0.0,0.0,0.0,212364.0,1.0,0.0,633077.0625
1.0,0.0,0.0,0.0,0.0,0.0,212386.0,1.0,0.0,633077.0625
1.0,0.0,0.0,0.0,0.0,0.0,212392.0,1.0,0.0,633077.0625
0.0,1.0,0.0,0.0,0.0,0.0,212274.0,1.0,1662311.0,1288072.125
0.0,1.0,1.0,0.0,0.0,0.0,212274.0,2.0,963333.0,1186741.75
0.0,1.0,1.0,1.0,0.0,0.0,212274.0,3.0,21580.0,222990.078125
0.0,1.0,1.0,2.0,0.0,0.0,212274.0,4.0,0.0,-1.96695327759e-06
0.0,1.0,0.0,0.0,0.0,0.0,212355.0,1.0,365191.0,1288072.125
0.0,1.0,1.0,0.0,0.0,0.0,212355.0,2.0,17163.0,1186741.75
0.0,1.0,1.0,1.0,0.0,0.0,212355.0,3.0,0.0,222990.078125
0.0,1.0,0.0,0.0,0.0,0.0,212301.0,1.0,696249.0,1288072.125
0.0,1.0,1.0,0.0,0.0,0.0,212301.0,2.0,695199.0,1186741.75
0.0,1.0,2.0,0.0,0.0,0.0,212301.0,3.0,0.0,0.0
0.0,1.0,0.0,0.0,0.0,0.0,212313.0,1.0,603290.0,1288072.125
0.0,2.0,0.0,0.0,0.0,0.0,212313.0,2.0,0.0,-1.10864639282e-05
0.0,1.0,0.0,0.0,0.0,0.0,212346.0,1.0,1226751.0,1288072.125
0.0,1.0,1.0,0.0,0.0,0.0,212346.0,2.0,525972.0,1186741.75
0.0,1.0,2.0,0.0,0.0,0.0,212346.0,3.0,0.0,0.0
0.0,1.0,0.0,0.0,0.0,0.0,212349.0,1.0,1564995.0,1288072.125
0.0,1.0,1.0,0.0,0.0,0.0,212349.0,2.0,1561541.0,1186741.75
0.0,1.0,2.0,0.0,0.0,0.0,212349.0,3.0,0.0,0.0
0.0,1.0,0.0,0.0,0.0,0.0,212370.0,1.0,1152701.0,1288072.125
0.0,1.0,1.0,0.0,0.0,0.0,212370.0,2.0,1137383.0,1186741.75
0.0,1.0,2.0,0.0,0.0,0.0,212370.0,3.0,0.0,0.0
0.0,1.0,0.0,0.0,0.0,0.0,212283.0,1.0,1226315.0,1288072.125
0.0,1.0,1.0,0.0,0.0,0.0,212283.0,2.0,530714.0,1186741.75
0.0,1.0,2.0,0.0,0.0,0.0,212283.0,3.0,0.0,0.0
0.0,1.0,0.0,0.0,0.0,0.0,212340.0,1.0,1227356.0,1288072.125
0.0,1.0,1.0,0.0,0.0,0.0,212340.0,2.0,1227213.0,1186741.75
0.0,1.0,2.0,0.0,0.0,0.0,212340.0,3.0,0.0,0.0
1.0,0.0,0.0,0.0,0.0,0.0,212395.0,1.0,0.0,633077.0625
1.0,0.0,0.0,0.0,0.0,0.0,212401.0,1.0,0.0,633077.0625
0.0,1.0,0.0,0.0,0.0,0.0,212383.0,1.0,1049543.0,1288072.125
0.0,1.0,1.0,0.0,0.0,0.0,212383.0,2.0,789675.0,1186741.75
0.0,1.0,1.0,1.0,0.0,0.0,212383.0,3.0,3173.0,222990.078125
0.0,1.0,1.0,2.0,0.0,0.0,212383.0,4.0,0.0,-1.96695327759e-06
0.0,1.0,0.0,0.0,0.0,0.0,212398.0,1.0,1551399.0,1288072.125
0.0,1.0,1.0,0.0,0.0,0.0,212398.0,2.0,1545252.0,1186741.75
0.0,1.0,1.0,1.0,0.0,0.0,212398.0,3.0,245416.0,222990.078125
0.0,1.0,1.0,1.0,1.0,0.0,212398.0,4.0,233827.0,355507.875
0.0,1.0,1.0,1.0,2.0,0.0,212398.0,5.0,0.0,0.0
0.0,1.0,0.0,0.0,0.0,0.0,212413.0,1.0,425598.0,1288072.125
0.0,1.0,1.0,0.0,0.0,0.0,212413.0,2.0,422524.0,1186741.75
0.0,1.0,1.0,1.0,0.0,0.0,212413.0,3.0,2422.0,222990.078125
0.0,1.0,1.0,2.0,0.0,0.0,212413.0,4.0,0.0,-1.96695327759e-06
1.0,0.0,0.0,0.0,0.0,0.0,212404.0,1.0,0.0,633077.0625
1.0,0.0,0.0,0.0,0.0,0.0,212407.0,1.0,0.0,633077.0625
1.0,0.0,0.0,0.0,0.0,0.0,212416.0,1.0,0.0,633077.0625
1.0,0.0,0.0,0.0,0.0,0.0,212410.0,1.0,0.0,633077.0625
0.0,1.0,0.0,0.0,0.0,0.0,212419.0,1.0,1578628.0,1288072.125
0.0,1.0,1.0,0.0,0.0,0.0,212419.0,2.0,1562749.0,1186741.75
0.0,1.0,2.0,0.0,0.0,0.0,212419.0,3.0,0.0,0.0
0.0,1.0,0.0,0.0,0.0,0.0,212425.0,1.0,1204369.0,1288072.125
0.0,1.0,1.0,0.0,0.0,0.0,212425.0,2.0,516893.0,1186741.75
0.0,1.0,1.0,1.0,0.0,0.0,212425.0,3.0,97335.0,222990.078125
0.0,1.0,1.0,1.0,1.0,0.0,212425.0,4.0,94871.0,355507.875
0.0,1.0,1.0,2.0,1.0,0.0,212425.0,5.0,3872.0,149330.515625
0.0,1.0,1.0,3.0,1.0,0.0,212425.0,6.0,0.0,0.000226080417633
0.0,1.0,0.0,0.0,0.0,0.0,212428.0,1.0,944424.0,1288072.125
0.0,1.0,1.0,0.0,0.0,0.0,212428.0,2.0,431457.0,1186741.75
0.0,1.0,1.0,1.0,0.0,0.0,212428.0,3.0,2210.0,222990.078125
0.0,1.0,1.0,2.0,0.0,0.0,212428.0,4.0,0.0,-1.96695327759e-06
0.0,1.0,0.0,0.0,0.0,0.0,212440.0,1.0,1065160.0,1288072.125
0.0,1.0,1.0,0.0,0.0,0.0,212440.0,2.0,1065053.0,1186741.75
0.0,1.0,2.0,0.0,0.0,0.0,212440.0,3.0,0.0,0.0
1.0,0.0,0.0,0.0,0.0,0.0,212443.0,1.0,82987.0,633077.0625
1.0,1.0,0.0,0.0,0.0,0.0,212443.0,2.0,76965.0,1098893.25
1.0,2.0,0.0,0.0,0.0,0.0,212443.0,3.0,0.0,0.0
0.0,1.0,0.0,0.0,0.0,0.0,212464.0,1.0,1638741.0,1288072.125
0.0,1.0,1.0,0.0,0.0,0.0,212464.0,2.0,956672.0,1186741.75
0.0,1.0,1.0,1.0,0.0,0.0,212464.0,3.0,100974.0,222990.078125
0.0,1.0,1.0,1.0,1.0,0.0,212464.0,4.0,93163.0,355507.875
0.0,1.0,1.0,2.0,1.0,0.0,212464.0,5.0,13885.0,149330.515625
0.0,1.0,1.0,2.0,2.0,0.0,212464.0,6.0,7701.0,326641.25
0.0,1.0,1.0,2.0,3.0,0.0,212464.0,7.0,0.0,-0.000108361244202
1.0,0.0,0.0,0.0,0.0,0.0,212461.0,1.0,0.0,633077.0625
0.0,1.0,0.0,0.0,0.0,0.0,212479.0,1.0,1456953.0,1288072.125
0.0,1.0,1.0,0.0,0.0,0.0,212479.0,2.0,1020351.0,1186741.75
0.0,1.0,2.0,0.0,0.0,0.0,212479.0,3.0,0.0,0.0
0.0,1.0,0.0,0.0,0.0,0.0,212458.0,1.0,1195952.0,1288072.125
0.0,1.0,1.0,0.0,0.0,0.0,212458.0,2.0,515526.0,1186741.75
0.0,1.0,2.0,0.0,0.0,0.0,212458.0,3.0,0.0,0.0
0.0,1.0,0.0,0.0,0.0,0.0,212449.0,1.0,949885.0,1288072.125
0.0,2.0,0.0,0.0,0.0,0.0,212449.0,2.0,0.0,-1.10864639282e-05
0.0,1.0,0.0,0.0,0.0,0.0,212467.0,1.0,1202506.0,1288072.125
0.0,1.0,1.0,0.0,0.0,0.0,212467.0,2.0,522094.0,1186741.75
0.0,1.0,2.0,0.0,0.0,0.0,212467.0,3.0,0.0,0.0
0.0,1.0,0.0,0.0,0.0,0.0,212488.0,1.0,69917.0,1288072.125
0.0,2.0,0.0,0.0,0.0,0.0,212488.0,2.0,0.0,-1.10864639282e-05
1.0,0.0,0.0,0.0,0.0,0.0,212476.0,1.0,0.0,633077.0625
1.0,0.0,0.0,0.0,0.0,0.0,212494.0,1.0,0.0,633077.0625
1.0,0.0,0.0,0.0,0.0,0.0,212497.0,1.0,1462316.0,633077.0625
1.0,1.0,0.0,0.0,0.0,0.0,212497.0,2.0,1461336.0,1098893.25
1.0,1.0,1.0,0.0,0.0,0.0,212497.0,3.0,1460818.0,1315311.0
1.0,1.0,2.0,0.0,0.0,0.0,212497.0,4.0,0.0,2.68220901489e-07
0.0,1.0,0.0,0.0,0.0,0.0,212455.0,1.0,949824.0,1288072.125
0.0,1.0,1.0,0.0,0.0,0.0,212455.0,2.0,944369.0,1186741.75
0.0,1.0,1.0,1.0,0.0,0.0,212455.0,3.0,0.0,222990.078125
1.0,0.0,0.0,0.0,0.0,0.0,212485.0,1.0,0.0,633077.0625
1.0,0.0,0.0,0.0,0.0,0.0,212506.0,1.0,1616151.0,633077.0625
1.0,1.0,0.0,0.0,0.0,0.0,212506.0,2.0,1614614.0,1098893.25
1.0,1.0,1.0,0.0,0.0,0.0,212506.0,3.0,937017.0,1315311.0
1.0,1.0,1.0,1.0,0.0,0.0,212506.0,4.0,169062.0,279464.75
1.0,1.0,1.0,1.0,1.0,0.0,212506.0,5.0,164977.0,461983.53125
1.0,1.0,1.0,2.0,1.0,0.0,212506.0,6.0,0.0,223363.6875
0.0,1.0,0.0,0.0,0.0,0.0,212491.0,1.0,1562993.0,1288072.125
0.0,1.0,1.0,0.0,0.0,0.0,212491.0,2.0,1560270.0,1186741.75
0.0,1.0,2.0,0.0,0.0,0.0,212491.0,3.0,0.0,0.0
0.0,1.0,0.0,0.0,0.0,0.0,212500.0,1.0,0.0,1288072.125
0.0,1.0,0.0,0.0,0.0,0.0,212512.0,1.0,1631119.0,1288072.125
0.0,1.0,1.0,0.0,0.0,0.0,212512.0,2.0,953572.0,1186741.75
0.0,1.0,2.0,0.0,0.0,0.0,212512.0,3.0,0.0,0.0
0.0,1.0,0.0,0.0,0.0,0.0,212521.0,1.0,1548570.0,1288072.125
0.0,2.0,0.0,0.0,0.0,0.0,212521.0,2.0,0.0,-1.10864639282e-05
0.0,1.0,0.0,0.0,0.0,0.0,212515.0,1.0,1798.0,1288072.125
0.0,2.0,0.0,0.0,0.0,0.0,212515.0,2.0,0.0,-1.10864639282e-05
1.0,0.0,0.0,0.0,0.0,0.0,212524.0,1.0,1450203.0,633077.0625
1.0,1.0,0.0,0.0,0.0,0.0,212524.0,2.0,1449292.0,1098893.25
1.0,1.0,1.0,0.0,0.0,0.0,212524.0,3.0,1361941.0,1315311.0
1.0,1.0,2.0,0.0,0.0,0.0,212524.0,4.0,0.0,2.68220901489e-07
0.0,1.0,0.0,0.0,0.0,0.0,212530.0,1.0,1445954.0,1288072.125
0.0,1.0,1.0,0.0,0.0,0.0,212530.0,2.0,161547.0,1186741.75
0.0,1.0,2.0,0.0,0.0,0.0,212530.0,3.0,0.0,0.0
1.0,0.0,0.0,0.0,0.0,0.0,212527.0,1.0,8794.0,633077.0625
1.0,1.0,0.0,0.0,0.0,0.0,212527.0,2.0,6437.0,1098893.25
1.0,2.0,0.0,0.0,0.0,0.0,212527.0,3.0,0.0,0.0
0.0,1.0,0.0,0.0,0.0,0.0,212542.0,1.0,0.0,1288072.125
0.0,1.0,0.0,0.0,0.0,0.0,212548.0,1.0,1203715.0,1288072.125
0.0,1.0,1.0,0.0,0.0,0.0,212548.0,2.0,1202653.0,1186741.75
0.0,1.0,2.0,0.0,0.0,0.0,212548.0,3.0,0.0,0.0
0.0,1.0,0.0,0.0,0.0,0.0,212554.0,1.0,668282.0,1288072.125
0.0,1.0,1.0,0.0,0.0,0.0,212554.0,2.0,0.0,1186741.75
1.0,0.0,0.0,0.0,0.0,0.0,212572.0,1.0,3462.0,633077.0625
2.0,0.0,0.0,0.0,0.0,0.0,212572.0,2.0,0.0,2.98023223877e-08
0.0,1.0,0.0,0.0,0.0,0.0,212557.0,1.0,1173145.0,1288072.125
0.0,1.0,1.0,0.0,0.0,0.0,212557.0,2.0,913162.0,1186741.75
0.0,1.0,1.0,1.0,0.0,0.0,212557.0,3.0,0.0,222990.078125
0.0,1.0,0.0,0.0,0.0,0.0,212560.0,1.0,911923.0,1288072.125
0.0,1.0,1.0,0.0,0.0,0.0,212560.0,2.0,909794.0,1186741.75
0.0,1.0,1.0,1.0,0.0,0.0,212560.0,3.0,0.0,222990.078125
0.0,1.0,0.0,0.0,0.0,0.0,212563.0,1.0,1118949.0,1288072.125
0.0,1.0,1.0,0.0,0.0,0.0,212563.0,2.0,1116422.0,1186741.75
0.0,1.0,1.0,1.0,0.0,0.0,212563.0,3.0,15398.0,222990.078125
0.0,1.0,1.0,1.0,1.0,0.0,212563.0,4.0,9315.0,355507.875
0.0,1.0,1.0,1.0,2.0,0.0,212563.0,5.0,0.0,0.0
0.0,1.0,0.0,0.0,0.0,0.0,212575.0,1.0,58108.0,1288072.125
0.0,2.0,0.0,0.0,0.0,0.0,212575.0,2.0,0.0,-1.10864639282e-05
0.0,1.0,0.0,0.0,0.0,0.0,212566.0,1.0,1437824.0,1288072.125
0.0,2.0,0.0,0.0,0.0,0.0,212566.0,2.0,0.0,-1.10864639282e-05
0.0,1.0,0.0,0.0,0.0,0.0,212578.0,1.0,663177.0,1288072.125
0.0,1.0,1.0,0.0,0.0,0.0,212578.0,2.0,0.0,1186741.75
1.0,0.0,0.0,0.0,0.0,0.0,212593.0,1.0,1097535.0,633077.0625
1.0,1.0,0.0,0.0,0.0,0.0,212593.0,2.0,1096249.0,1098893.25
1.0,1.0,1.0,0.0,0.0,0.0,212593.0,3.0,1096016.0,1315311.0
1.0,1.0,1.0,1.0,0.0,0.0,212593.0,4.0,5040.0,279464.75
1.0,1.0,1.0,2.0,0.0,0.0,212593.0,5.0,0.0,-5.96046447754e-08
1.0,0.0,0.0,0.0,0.0,0.0,212596.0,1.0,739.0,633077.0625
2.0,0.0,0.0,0.0,0.0,0.0,212596.0,2.0,0.0,2.98023223877e-08
0.0,1.0,0.0,0.0,0.0,0.0,212602.0,1.0,915157.0,1288072.125
0.0,1.0,1.0,0.0,0.0,0.0,212602.0,2.0,914871.0,1186741.75
0.0,1.0,1.0,1.0,0.0,0.0,212602.0,3.0,72420.0,222990.078125
0.0,1.0,1.0,1.0,1.0,0.0,212602.0,4.0,0.0,355507.875
0.0,1.0,0.0,0.0,0.0,0.0,212590.0,1.0,557300.0,1288072.125
0.0,1.0,1.0,0.0,0.0,0.0,212590.0,2.0,557239.0,1186741.75
0.0,1.0,1.0,1.0,0.0,0.0,212590.0,3.0,0.0,222990.078125
1.0,0.0,0.0,0.0,0.0,0.0,212614.0,1.0,1067656.0,633077.0625
1.0,1.0,0.0,0.0,0.0,0.0,212614.0,2.0,1061609.0,1098893.25
1.0,1.0,1.0,0.0,0.0,0.0,212614.0,3.0,779052.0,1315311.0
1.0,1.0,2.0,0.0,0.0,0.0,212614.0,4.0,0.0,2.68220901489e-07
1.0,0.0,0.0,0.0,0.0,0.0,212617.0,1.0,1065014.0,633077.0625
1.0,1.0,0.0,0.0,0.0,0.0,212617.0,2.0,1055554.0,1098893.25
1.0,2.0,0.0,0.0,0.0,0.0,212617.0,3.0,0.0,0.0
1.0,0.0,0.0,0.0,0.0,0.0,212620.0,1.0,0.0,633077.0625
1.0,0.0,0.0,0.0,0.0,0.0,212635.0,1.0,1555724.0,633077.0625
1.0,1.0,0.0,0.0,0.0,0.0,212635.0,2.0,1551800.0,1098893.25
1.0,1.0,1.0,0.0,0.0,0.0,212635.0,3.0,1550448.0,1315311.0
1.0,1.0,2.0,0.0,0.0,0.0,212635.0,4.0,0.0,2.68220901489e-07
1.0,0.0,0.0,0.0,0.0,0.0,212626.0,1.0,1564833.0,633077.0625
1.0,1.0,0.0,0.0,0.0,0.0,212626.0,2.0,1564797.0,1098893.25
1.0,1.0,1.0,0.0,0.0,0.0,212626.0,3.0,1553729.0,1315311.0
1.0,1.0,1.0,1.0,0.0,0.0,212626.0,4.0,0.0,279464.75
1.0,0.0,0.0,0.0,0.0,0.0,212638.0,1.0,0.0,633077.0625
1.0,0.0,0.0,0.0,0.0,0.0,212653.0,1.0,0.0,633077.0625
1.0,0.0,0.0,0.0,0.0,0.0,212659.0,1.0,111.0,633077.0625
2.0,0.0,0.0,0.0,0.0,0.0,212659.0,2.0,0.0,2.98023223877e-08
1.0,0.0,0.0,0.0,0.0,0.0,212674.0,1.0,1476783.0,633077.0625
1.0,1.0,0.0,0.0,0.0,0.0,212674.0,2.0,1476127.0,1098893.25
1.0,1.0,1.0,0.0,0.0,0.0,212674.0,3.0,1475955.0,1315311.0
1.0,1.0,1.0,1.0,0.0,0.0,212674.0,4.0,74185.0,279464.75
1.0,1.0,1.0,2.0,0.0,0.0,212674.0,5.0,0.0,-5.96046447754e-08
1.0,0.0,0.0,0.0,0.0,0.0,212668.0,1.0,0.0,633077.0625
1.0,0.0,0.0,0.0,0.0,0.0,212680.0,1.0,11265.0,633077.0625
1.0,1.0,0.0,0.0,0.0,0.0,212680.0,2.0,10144.0,1098893.25
1.0,2.0,0.0,0.0,0.0,0.0,212680.0,3.0,0.0,0.0
0.0,1.0,0.0,0.0,0.0,0.0,212644.0,1.0,874084.0,1288072.125
0.0,1.0,1.0,0.0,0.0,0.0,212644.0,2.0,865981.0,1186741.75
0.0,1.0,1.0,1.0,0.0,0.0,212644.0,3.0,82.0,222990.078125
0.0,1.0,1.0,1.0,1.0,0.0,212644.0,4.0,0.0,355507.875
0.0,1.0,0.0,0.0,0.0,0.0,212647.0,1.0,1386534.0,1288072.125
0.0,1.0,1.0,0.0,0.0,0.0,212647.0,2.0,842991.0,1186741.75
0.0,1.0,2.0,0.0,0.0,0.0,212647.0,3.0,0.0,0.0
0.0,1.0,0.0,0.0,0.0,0.0,212605.0,1.0,894214.0,1288072.125
0.0,2.0,0.0,0.0,0.0,0.0,212605.0,2.0,0.0,-1.10864639282e-05
0.0,1.0,0.0,0.0,0.0,0.0,212671.0,1.0,1380206.0,1288072.125
0.0,1.0,1.0,0.0,0.0,0.0,212671.0,2.0,1089323.0,1186741.75
0.0,1.0,1.0,1.0,0.0,0.0,212671.0,3.0,602686.0,222990.078125
0.0,1.0,1.0,1.0,1.0,0.0,212671.0,4.0,602618.0,355507.875
0.0,1.0,1.0,2.0,1.0,0.0,212671.0,5.0,437880.0,149330.515625
0.0,1.0,1.0,3.0,1.0,0.0,212671.0,6.0,0.0,0.000226080417633
0.0,1.0,0.0,0.0,0.0,0.0,212662.0,1.0,7258.0,1288072.125
0.0,2.0,0.0,0.0,0.0,0.0,212662.0,2.0,0.0,-1.10864639282e-05
0.0,1.0,0.0,0.0,0.0,0.0,212569.0,1.0,0.0,1288072.125
0.0,1.0,0.0,0.0,0.0,0.0,212623.0,1.0,1373985.0,1288072.125
0.0,1.0,1.0,0.0,0.0,0.0,212623.0,2.0,760213.0,1186741.75
0.0,1.0,2.0,0.0,0.0,0.0,212623.0,3.0,0.0,0.0
1.0,0.0,0.0,0.0,0.0,0.0,212683.0,1.0,17255.0,633077.0625
1.0,1.0,0.0,0.0,0.0,0.0,212683.0,2.0,17166.0,1098893.25
1.0,2.0,0.0,0.0,0.0,0.0,212683.0,3.0,0.0,0.0
0.0,1.0,0.0,0.0,0.0,0.0,212611.0,1.0,543727.0,1288072.125
0.0,1.0,1.0,0.0,0.0,0.0,212611.0,2.0,540116.0,1186741.75
0.0,1.0,2.0,0.0,0.0,0.0,212611.0,3.0,0.0,0.0
0.0,1.0,0.0,0.0,0.0,0.0,212608.0,1.0,1123115.0,1288072.125
0.0,1.0,1.0,0.0,0.0,0.0,212608.0,2.0,1110901.0,1186741.75
0.0,1.0,2.0,0.0,0.0,0.0,212608.0,3.0,0.0,0.0
0.0,1.0,0.0,0.0,0.0,0.0,212665.0,1.0,1131954.0,1288072.125
0.0,1.0,1.0,0.0,0.0,0.0,212665.0,2.0,520187.0,1186741.75
0.0,1.0,2.0,0.0,0.0,0.0,212665.0,3.0,0.0,0.0
0.0,1.0,0.0,0.0,0.0,0.0,212689.0,1.0,1569072.0,1288072.125
0.0,1.0,1.0,0.0,0.0,0.0,212689.0,2.0,957390.0,1186741.75
0.0,1.0,1.0,1.0,0.0,0.0,212689.0,3.0,173945.0,222990.078125
0.0,1.0,1.0,1.0,1.0,0.0,212689.0,4.0,14834.0,355507.875
0.0,1.0,1.0,2.0,1.0,0.0,212689.0,5.0,3870.0,149330.515625
0.0,1.0,1.0,2.0,2.0,0.0,212689.0,6.0,2971.0,326641.25
0.0,1.0,1.0,2.0,3.0,0.0,212689.0,7.0,0.0,-0.000108361244202
0.0,1.0,0.0,0.0,0.0,0.0,212632.0,1.0,1117154.0,1288072.125
0.0,1.0,1.0,0.0,0.0,0.0,212632.0,2.0,505039.0,1186741.75
0.0,1.0,1.0,1.0,0.0,0.0,212632.0,3.0,2535.0,222990.078125
0.0,1.0,1.0,2.0,0.0,0.0,212632.0,4.0,0.0,-1.96695327759e-06
0.0,1.0,0.0,0.0,0.0,0.0,212710.0,1.0,1145409.0,1288072.125
0.0,1.0,1.0,0.0,0.0,0.0,212710.0,2.0,1145292.0,1186741.75
0.0,1.0,2.0,0.0,0.0,0.0,212710.0,3.0,0.0,0.0
1.0,0.0,0.0,0.0,0.0,0.0,212701.0,1.0,1119423.0,633077.0625
1.0,1.0,0.0,0.0,0.0,0.0,212701.0,2.0,1118852.0,1098893.25
1.0,1.0,1.0,0.0,0.0,0.0,212701.0,3.0,1118685.0,1315311.0
1.0,1.0,2.0,0.0,0.0,0.0,212701.0,4.0,0.0,2.68220901489e-07
1.0,0.0,0.0,0.0,0.0,0.0,212716.0,1.0,0.0,633077.0625
0.0,1.0,0.0,0.0,0.0,0.0,212692.0,1.0,857954.0,1288072.125
0.0,1.0,1.0,0.0,0.0,0.0,212692.0,2.0,349888.0,1186741.75
0.0,1.0,1.0,1.0,0.0,0.0,212692.0,3.0,70518.0,222990.078125
0.0,1.0,1.0,2.0,0.0,0.0,212692.0,4.0,0.0,-1.96695327759e-06
0.0,1.0,0.0,0.0,0.0,0.0,212698.0,1.0,514010.0,1288072.125
0.0,1.0,1.0,0.0,0.0,0.0,212698.0,2.0,513766.0,1186741.75
0.0,1.0,1.0,1.0,0.0,0.0,212698.0,3.0,0.0,222990.078125
0.0,1.0,0.0,0.0,0.0,0.0,212704.0,1.0,1363802.0,1288072.125
0.0,1.0,1.0,0.0,0.0,0.0,212704.0,2.0,755972.0,1186741.75
0.0,1.0,1.0,1.0,0.0,0.0,212704.0,3.0,252210.0,222990.078125
0.0,1.0,1.0,1.0,1.0,0.0,212704.0,4.0,248487.0,355507.875
0.0,1.0,1.0,2.0,1.0,0.0,212704.0,5.0,0.0,149330.515625
1.0,0.0,0.0,0.0,0.0,0.0,212743.0,1.0,166814.0,633077.0625
1.0,1.0,0.0,0.0,0.0,0.0,212743.0,2.0,163319.0,1098893.25
1.0,2.0,0.0,0.0,0.0,0.0,212743.0,3.0,0.0,0.0
1.0,0.0,0.0,0.0,0.0,0.0,212746.0,1.0,3909.0,633077.0625
1.0,1.0,0.0,0.0,0.0,0.0,212746.0,2.0,0.0,1098893.25
1.0,0.0,0.0,0.0,0.0,0.0,212749.0,1.0,0.0,633077.0625
0.0,1.0,0.0,0.0,0.0,0.0,212728.0,1.0,156910.0,1288072.125
0.0,2.0,0.0,0.0,0.0,0.0,212728.0,2.0,0.0,-1.10864639282e-05
0.0,1.0,0.0,0.0,0.0,0.0,212737.0,1.0,1113995.0,1288072.125
0.0,1.0,1.0,0.0,0.0,0.0,212737.0,2.0,1113870.0,1186741.75
0.0,1.0,2.0,0.0,0.0,0.0,212737.0,3.0,0.0,0.0
0.0,1.0,0.0,0.0,0.0,0.0,212707.0,1.0,0.0,1288072.125
0.0,1.0,0.0,0.0,0.0,0.0,212761.0,1.0,1538392.0,1288072.125
0.0,1.0,1.0,0.0,0.0,0.0,212761.0,2.0,1537904.0,1186741.75
0.0,1.0,1.0,1.0,0.0,0.0,212761.0,3.0,0.0,222990.078125
0.0,1.0,0.0,0.0,0.0,0.0,212725.0,1.0,1364681.0,1288072.125
0.0,1.0,1.0,0.0,0.0,0.0,212725.0,2.0,1364465.0,1186741.75
0.0,1.0,1.0,1.0,0.0,0.0,212725.0,3.0,496985.0,222990.078125
0.0,1.0,1.0,1.0,1.0,0.0,212725.0,4.0,479225.0,355507.875
0.0,1.0,1.0,2.0,1.0,0.0,212725.0,5.0,169523.0,149330.515625
0.0,1.0,1.0,3.0,1.0,0.0,212725.0,6.0,0.0,0.000226080417633
0.0,1.0,0.0,0.0,0.0,0.0,212764.0,1.0,1100416.0,1288072.125
0.0,1.0,1.0,0.0,0.0,0.0,212764.0,2.0,495457.0,1186741.75
0.0,1.0,1.0,1.0,0.0,0.0,212764.0,3.0,0.0,222990.078125
0.0,1.0,0.0,0.0,0.0,0.0,212755.0,1.0,1469568.0,1288072.125
0.0,1.0,1.0,0.0,0.0,0.0,212755.0,2.0,1197531.0,1186741.75
0.0,1.0,2.0,0.0,0.0,0.0,212755.0,3.0,0.0,0.0
0.0,1.0,0.0,0.0,0.0,0.0,212767.0,1.0,518319.0,1288072.125
0.0,2.0,0.0,0.0,0.0,0.0,212767.0,2.0,0.0,-1.10864639282e-05
1.0,0.0,0.0,0.0,0.0,0.0,212752.0,1.0,0.0,633077.0625
1.0,0.0,0.0,0.0,0.0,0.0,212770.0,1.0,167543.0,633077.0625
1.0,1.0,0.0,0.0,0.0,0.0,212770.0,2.0,167268.0,1098893.25
1.0,2.0,0.0,0.0,0.0,0.0,212770.0,3.0,0.0,0.0
1.0,0.0,0.0,0.0,0.0,0.0,212773.0,1.0,954458.0,633077.0625
1.0,1.0,0.0,0.0,0.0,0.0,212773.0,2.0,805294.0,1098893.25
1.0,1.0,1.0,0.0,0.0,0.0,212773.0,3.0,802053.0,1315311.0
1.0,1.0,2.0,0.0,0.0,0.0,212773.0,4.0,0.0,2.68220901489e-07
0.0,1.0,0.0,0.0,0.0,0.0,212779.0,1.0,1108923.0,1288072.125
0.0,1.0,1.0,0.0,0.0,0.0,212779.0,2.0,1108680.0,1186741.75
0.0,1.0,2.0,0.0,0.0,0.0,212779.0,3.0,0.0,0.0
1.0,0.0,0.0,0.0,0.0,0.0,212785.0,1.0,1108015.0,633077.0625
1.0,1.0,0.0,0.0,0.0,0.0,212785.0,2.0,1107692.0,1098893.25
1.0,1.0,1.0,0.0,0.0,0.0,212785.0,3.0,1107630.0,1315311.0
1.0,1.0,1.0,1.0,0.0,0.0,212785.0,4.0,95089.0,279464.75
1.0,1.0,1.0,1.0,1.0,0.0,212785.0,5.0,0.0,461983.53125
0.0,1.0,0.0,0.0,0.0,0.0,212776.0,1.0,1107594.0,1288072.125
0.0,1.0,1.0,0.0,0.0,0.0,212776.0,2.0,506823.0,1186741.75
0.0,1.0,2.0,0.0,0.0,0.0,212776.0,3.0,0.0,0.0
1.0,0.0,0.0,0.0,0.0,0.0,212794.0,1.0,0.0,633077.0625
1.0,0.0,0.0,0.0,0.0,0.0,212818.0,1.0,127.0,633077.0625
2.0,0.0,0.0,0.0,0.0,0.0,212818.0,2.0,0.0,2.98023223877e-08
1.0,0.0,0.0,0.0,0.0,0.0,212848.0,1.0,724430.0,633077.0625
1.0,1.0,0.0,0.0,0.0,0.0,212848.0,2.0,690044.0,1098893.25
1.0,2.0,0.0,0.0,0.0,0.0,212848.0,3.0,0.0,0.0
0.0,1.0,0.0,0.0,0.0,0.0,213135.0,1.0,1393752.0,1288072.125
0.0,1.0,1.0,0.0,0.0,0.0,213135.0,2.0,576520.0,1186741.75
0.0,1.0,2.0,0.0,0.0,0.0,213135.0,3.0,0.0,0.0
0.0,1.0,0.0,0.0,0.0,0.0,213141.0,1.0,1219735.0,1288072.125
0.0,1.0,1.0,0.0,0.0,0.0,213141.0,2.0,416616.0,1186741.75
0.0,1.0,2.0,0.0,0.0,0.0,213141.0,3.0,0.0,0.0
1.0,0.0,0.0,0.0,0.0,0.0,212860.0,1.0,0.0,633077.0625
0.0,1.0,0.0,0.0,0.0,0.0,213153.0,1.0,0.0,1288072.125
0.0,1.0,0.0,0.0,0.0,0.0,213150.0,1.0,1402416.0,1288072.125
0.0,1.0,1.0,0.0,0.0,0.0,213150.0,2.0,1294523.0,1186741.75
0.0,1.0,1.0,1.0,0.0,0.0,213150.0,3.0,6291.0,222990.078125
0.0,1.0,1.0,1.0,1.0,0.0,213150.0,4.0,0.0,355507.875
0.0,1.0,0.0,0.0,0.0,0.0,213144.0,1.0,710922.0,1288072.125
0.0,1.0,1.0,0.0,0.0,0.0,213144.0,2.0,364787.0,1186741.75
0.0,1.0,1.0,1.0,0.0,0.0,213144.0,3.0,87773.0,222990.078125
0.0,1.0,1.0,1.0,1.0,0.0,213144.0,4.0,3671.0,355507.875
0.0,1.0,1.0,1.0,2.0,0.0,213144.0,5.0,0.0,0.0
1.0,0.0,0.0,0.0,0.0,0.0,212866.0,1.0,0.0,633077.0625
1.0,0.0,0.0,0.0,0.0,0.0,212878.0,1.0,1319105.0,633077.0625
1.0,1.0,0.0,0.0,0.0,0.0,212878.0,2.0,1287095.0,1098893.25
1.0,1.0,1.0,0.0,0.0,0.0,212878.0,3.0,1283643.0,1315311.0
1.0,1.0,2.0,0.0,0.0,0.0,212878.0,4.0,0.0,2.68220901489e-07
1.0,0.0,0.0,0.0,0.0,0.0,212875.0,1.0,881636.0,633077.0625
1.0,1.0,0.0,0.0,0.0,0.0,212875.0,2.0,856579.0,1098893.25
1.0,1.0,1.0,0.0,0.0,0.0,212875.0,3.0,273766.0,1315311.0
1.0,1.0,1.0,1.0,0.0,0.0,212875.0,4.0,81863.0,279464.75
1.0,1.0,1.0,1.0,1.0,0.0,212875.0,5.0,81397.0,461983.53125
1.0,1.0,1.0,2.0,1.0,0.0,212875.0,6.0,2033.0,223363.6875
1.0,1.0,1.0,3.0,1.0,0.0,212875.0,7.0,0.0,7.45058059692e-07
1.0,0.0,0.0,0.0,0.0,0.0,212881.0,1.0,33335.0,633077.0625
1.0,1.0,0.0,0.0,0.0,0.0,212881.0,2.0,0.0,1098893.25
1.0,0.0,0.0,0.0,0.0,0.0,212887.0,1.0,1296541.0,633077.0625
1.0,1.0,0.0,0.0,0.0,0.0,212887.0,2.0,1264660.0,1098893.25
1.0,1.0,1.0,0.0,0.0,0.0,212887.0,3.0,1263247.0,1315311.0
1.0,1.0,2.0,0.0,0.0,0.0,212887.0,4.0,0.0,2.68220901489e-07
1.0,0.0,0.0,0.0,0.0,0.0,212890.0,1.0,2157.0,633077.0625
2.0,0.0,0.0,0.0,0.0,0.0,212890.0,2.0,0.0,2.98023223877e-08
1.0,0.0,0.0,0.0,0.0,0.0,212902.0,1.0,0.0,633077.0625
0.0,1.0,0.0,0.0,0.0,0.0,213162.0,1.0,20070.0,1288072.125
0.0,2.0,0.0,0.0,0.0,0.0,213162.0,2.0,0.0,-1.10864639282e-05
1.0,0.0,0.0,0.0,0.0,0.0,212914.0,1.0,1389442.0,633077.0625
1.0,1.0,0.0,0.0,0.0,0.0,212914.0,2.0,1357673.0,1098893.25
1.0,1.0,1.0,0.0,0.0,0.0,212914.0,3.0,1130594.0,1315311.0
1.0,1.0,2.0,0.0,0.0,0.0,212914.0,4.0,0.0,2.68220901489e-07
1.0,0.0,0.0,0.0,0.0,0.0,212920.0,1.0,634304.0,633077.0625
1.0,1.0,0.0,0.0,0.0,0.0,212920.0,2.0,602435.0,1098893.25
1.0,2.0,0.0,0.0,0.0,0.0,212920.0,3.0,0.0,0.0
1.0,0.0,0.0,0.0,0.0,0.0,212947.0,1.0,951716.0,633077.0625
1.0,1.0,0.0,0.0,0.0,0.0,212947.0,2.0,919678.0,1098893.25
1.0,1.0,1.0,0.0,0.0,0.0,212947.0,3.0,917164.0,1315311.0
1.0,1.0,1.0,1.0,0.0,0.0,212947.0,4.0,0.0,279464.75
1.0,0.0,0.0,0.0,0.0,0.0,212953.0,1.0,877431.0,633077.0625
1.0,1.0,0.0,0.0,0.0,0.0,212953.0,2.0,846129.0,1098893.25
1.0,1.0,1.0,0.0,0.0,0.0,212953.0,3.0,843832.0,1315311.0
1.0,1.0,2.0,0.0,0.0,0.0,212953.0,4.0,0.0,2.68220901489e-07
1.0,0.0,0.0,0.0,0.0,0.0,212962.0,1.0,0.0,633077.0625
1.0,0.0,0.0,0.0,0.0,0.0,212965.0,1.0,1219235.0,633077.0625
1.0,1.0,0.0,0.0,0.0,0.0,212965.0,2.0,1187158.0,1098893.25
1.0,1.0,1.0,0.0,0.0,0.0,212965.0,3.0,341609.0,1315311.0
1.0,1.0,2.0,0.0,0.0,0.0,212965.0,4.0,0.0,2.68220901489e-07
1.0,0.0,0.0,0.0,0.0,0.0,212971.0,1.0,0.0,633077.0625
0.0,1.0,0.0,0.0,0.0,0.0,213189.0,1.0,808219.0,1288072.125
0.0,1.0,1.0,0.0,0.0,0.0,213189.0,2.0,0.0,1186741.75
1.0,0.0,0.0,0.0,0.0,0.0,212974.0,1.0,890009.0,633077.0625
1.0,1.0,0.0,0.0,0.0,0.0,212974.0,2.0,858854.0,1098893.25
1.0,1.0,1.0,0.0,0.0,0.0,212974.0,3.0,783567.0,1315311.0
1.0,1.0,2.0,0.0,0.0,0.0,212974.0,4.0,0.0,2.68220901489e-07
1.0,0.0,0.0,0.0,0.0,0.0,212986.0,1.0,33001.0,633077.0625
1.0,1.0,0.0,0.0,0.0,0.0,212986.0,2.0,0.0,1098893.25
1.0,0.0,0.0,0.0,0.0,0.0,212989.0,1.0,810016.0,633077.0625
1.0,1.0,0.0,0.0,0.0,0.0,212989.0,2.0,777643.0,1098893.25
1.0,1.0,1.0,0.0,0.0,0.0,212989.0,3.0,775651.0,1315311.0
1.0,1.0,2.0,0.0,0.0,0.0,212989.0,4.0,0.0,2.68220901489e-07
0.0,1.0,0.0,0.0,0.0,0.0,213195.0,1.0,705074.0,1288072.125
0.0,1.0,1.0,0.0,0.0,0.0,213195.0,2.0,702593.0,1186741.75
0.0,1.0,1.0,1.0,0.0,0.0,213195.0,3.0,0.0,222990.078125
0.0,1.0,0.0,0.0,0.0,0.0,213198.0,1.0,1393814.0,1288072.125
0.0,1.0,1.0,0.0,0.0,0.0,213198.0,2.0,1393556.0,1186741.75
0.0,1.0,2.0,0.0,0.0,0.0,213198.0,3.0,0.0,0.0
1.0,0.0,0.0,0.0,0.0,0.0,212998.0,1.0,32677.0,633077.0625
1.0,1.0,0.0,0.0,0.0,0.0,212998.0,2.0,0.0,1098893.25
1.0,0.0,0.0,0.0,0.0,0.0,213013.0,1.0,1035943.0,633077.0625
1.0,1.0,0.0,0.0,0.0,0.0,213013.0,2.0,938349.0,1098893.25
1.0,2.0,0.0,0.0,0.0,0.0,213013.0,3.0,0.0,0.0
0.0,1.0,0.0,0.0,0.0,0.0,213201.0,1.0,858022.0,1288072.125
0.0,1.0,1.0,0.0,0.0,0.0,213201.0,2.0,829415.0,1186741.75
0.0,1.0,1.0,1.0,0.0,0.0,213201.0,3.0,0.0,222990.078125
1.0,0.0,0.0,0.0,0.0,0.0,213025.0,1.0,0.0,633077.0625
1.0,0.0,0.0,0.0,0.0,0.0,213031.0,1.0,1378638.0,633077.0625
1.0,1.0,0.0,0.0,0.0,0.0,213031.0,2.0,1300398.0,1098893.25
1.0,1.0,1.0,0.0,0.0,0.0,213031.0,3.0,0.0,1315311.0
1.0,0.0,0.0,0.0,0.0,0.0,213043.0,1.0,0.0,633077.0625
1.0,0.0,0.0,0.0,0.0,0.0,213070.0,1.0,686299.0,633077.0625
1.0,1.0,0.0,0.0,0.0,0.0,213070.0,2.0,608382.0,1098893.25
1.0,2.0,0.0,0.0,0.0,0.0,213070.0,3.0,0.0,0.0
1.0,0.0,0.0,0.0,0.0,0.0,213079.0,1.0,209.0,633077.0625
2.0,0.0,0.0,0.0,0.0,0.0,213079.0,2.0,0.0,2.98023223877e-08
1.0,0.0,0.0,0.0,0.0,0.0,213234.0,1.0,693393.0,633077.0625
1.0,1.0,0.0,0.0,0.0,0.0,213234.0,2.0,613871.0,1098893.25
1.0,1.0,1.0,0.0,0.0,0.0,213234.0,3.0,613827.0,1315311.0
1.0,1.0,1.0,1.0,0.0,0.0,213234.0,4.0,95.0,279464.75
1.0,1.0,1.0,1.0,1.0,0.0,213234.0,5.0,0.0,461983.53125
1.0,0.0,0.0,0.0,0.0,0.0,213088.0,1.0,1305240.0,633077.0625
1.0,1.0,0.0,0.0,0.0,0.0,213088.0,2.0,1227255.0,1098893.25
1.0,1.0,1.0,0.0,0.0,0.0,213088.0,3.0,1226826.0,1315311.0
1.0,1.0,1.0,1.0,0.0,0.0,213088.0,4.0,276197.0,279464.75
1.0,1.0,1.0,1.0,1.0,0.0,213088.0,5.0,271395.0,461983.53125
1.0,1.0,1.0,2.0,1.0,0.0,213088.0,6.0,8690.0,223363.6875
1.0,1.0,1.0,3.0,1.0,0.0,213088.0,7.0,0.0,7.45058059692e-07
0.0,1.0,0.0,0.0,0.0,0.0,213240.0,1.0,113612.0,1288072.125
0.0,2.0,0.0,0.0,0.0,0.0,213240.0,2.0,0.0,-1.10864639282e-05
1.0,0.0,0.0,0.0,0.0,0.0,213117.0,1.0,0.0,633077.0625
1.0,0.0,0.0,0.0,0.0,0.0,213219.0,1.0,96451.0,633077.0625
1.0,1.0,0.0,0.0,0.0,0.0,213219.0,2.0,0.0,1098893.25
1.0,0.0,0.0,0.0,0.0,0.0,213120.0,1.0,0.0,633077.0625
1.0,0.0,0.0,0.0,0.0,0.0,213147.0,1.0,0.0,633077.0625
1.0,0.0,0.0,0.0,0.0,0.0,213216.0,1.0,0.0,633077.0625
1.0,0.0,0.0,0.0,0.0,0.0,213180.0,1.0,96365.0,633077.0625
1.0,1.0,0.0,0.0,0.0,0.0,213180.0,2.0,17303.0,1098893.25
1.0,2.0,0.0,0.0,0.0,0.0,213180.0,3.0,0.0,0.0
1.0,0.0,0.0,0.0,0.0,0.0,213159.0,1.0,956643.0,633077.0625
1.0,1.0,0.0,0.0,0.0,0.0,213159.0,2.0,876529.0,1098893.25
1.0,1.0,1.0,0.0,0.0,0.0,213159.0,3.0,80803.0,1315311.0
1.0,1.0,2.0,0.0,0.0,0.0,213159.0,4.0,0.0,2.68220901489e-07
1.0,0.0,0.0,0.0,0.0,0.0,213183.0,1.0,0.0,633077.0625
1.0,0.0,0.0,0.0,0.0,0.0,213177.0,1.0,0.0,633077.0625
0.0,1.0,0.0,0.0,0.0,0.0,213246.0,1.0,194514.0,1288072.125
0.0,2.0,0.0,0.0,0.0,0.0,213246.0,2.0,0.0,-1.10864639282e-05
0.0,1.0,0.0,0.0,0.0,0.0,212803.0,1.0,684322.0,1288072.125
0.0,1.0,1.0,0.0,0.0,0.0,212803.0,2.0,347217.0,1186741.75
0.0,1.0,1.0,1.0,0.0,0.0,212803.0,3.0,80885.0,222990.078125
0.0,1.0,1.0,2.0,0.0,0.0,212803.0,4.0,0.0,-1.96695327759e-06
0.0,1.0,0.0,0.0,0.0,0.0,212806.0,1.0,1318414.0,1288072.125
0.0,2.0,0.0,0.0,0.0,0.0,212806.0,2.0,0.0,-1.10864639282e-05
0.0,1.0,0.0,0.0,0.0,0.0,212821.0,1.0,0.0,1288072.125
0.0,1.0,0.0,0.0,0.0,0.0,213261.0,1.0,699729.0,1288072.125
0.0,1.0,1.0,0.0,0.0,0.0,213261.0,2.0,699704.0,1186741.75
0.0,1.0,1.0,1.0,0.0,0.0,213261.0,3.0,0.0,222990.078125
0.0,1.0,0.0,0.0,0.0,0.0,212812.0,1.0,1392004.0,1288072.125
0.0,1.0,1.0,0.0,0.0,0.0,212812.0,2.0,1203297.0,1186741.75
0.0,1.0,1.0,1.0,0.0,0.0,212812.0,3.0,173049.0,222990.078125
0.0,1.0,1.0,1.0,1.0,0.0,212812.0,4.0,0.0,355507.875
1.0,0.0,0.0,0.0,0.0,0.0,213264.0,1.0,950988.0,633077.0625
1.0,1.0,0.0,0.0,0.0,0.0,213264.0,2.0,950016.0,1098893.25
1.0,1.0,1.0,0.0,0.0,0.0,213264.0,3.0,60235.0,1315311.0
1.0,1.0,2.0,0.0,0.0,0.0,213264.0,4.0,0.0,2.68220901489e-07
0.0,1.0,0.0,0.0,0.0,0.0,212815.0,1.0,947020.0,1288072.125
0.0,1.0,1.0,0.0,0.0,0.0,212815.0,2.0,946816.0,1186741.75
0.0,1.0,1.0,1.0,0.0,0.0,212815.0,3.0,0.0,222990.078125
0.0,1.0,0.0,0.0,0.0,0.0,213082.0,1.0,1317171.0,1288072.125
0.0,1.0,1.0,0.0,0.0,0.0,213082.0,2.0,1316317.0,1186741.75
0.0,1.0,2.0,0.0,0.0,0.0,213082.0,3.0,0.0,0.0
0.0,1.0,0.0,0.0,0.0,0.0,212833.0,1.0,1378570.0,1288072.125
0.0,1.0,1.0,0.0,0.0,0.0,212833.0,2.0,579987.0,1186741.75
0.0,1.0,2.0,0.0,0.0,0.0,212833.0,3.0,0.0,0.0
0.0,1.0,0.0,0.0,0.0,0.0,212836.0,1.0,1383667.0,1288072.125
0.0,1.0,1.0,0.0,0.0,0.0,212836.0,2.0,1370699.0,1186741.75
0.0,1.0,1.0,1.0,0.0,0.0,212836.0,3.0,83347.0,222990.078125
0.0,1.0,1.0,1.0,1.0,0.0,212836.0,4.0,71103.0,355507.875
0.0,1.0,1.0,1.0,2.0,0.0,212836.0,5.0,0.0,0.0
0.0,1.0,0.0,0.0,0.0,0.0,212842.0,1.0,1369629.0,1288072.125
0.0,2.0,0.0,0.0,0.0,0.0,212842.0,2.0,0.0,-1.10864639282e-05
0.0,1.0,0.0,0.0,0.0,0.0,213085.0,1.0,1214483.0,1288072.125
0.0,1.0,1.0,0.0,0.0,0.0,213085.0,2.0,1214298.0,1186741.75
0.0,1.0,1.0,1.0,0.0,0.0,213085.0,3.0,448066.0,222990.078125
0.0,1.0,1.0,1.0,1.0,0.0,213085.0,4.0,428010.0,355507.875
0.0,1.0,1.0,1.0,2.0,0.0,213085.0,5.0,0.0,0.0
0.0,1.0,0.0,0.0,0.0,0.0,212851.0,1.0,1288023.0,1288072.125
0.0,1.0,1.0,0.0,0.0,0.0,212851.0,2.0,1180879.0,1186741.75
0.0,1.0,1.0,1.0,0.0,0.0,212851.0,3.0,263418.0,222990.078125
0.0,1.0,1.0,1.0,1.0,0.0,212851.0,4.0,260530.0,355507.875
0.0,1.0,1.0,2.0,1.0,0.0,212851.0,5.0,91608.0,149330.515625
0.0,1.0,1.0,2.0,2.0,0.0,212851.0,6.0,88207.0,326641.25
0.0,1.0,1.0,3.0,2.0,0.0,212851.0,7.0,830.0,104732.710938
0.0,1.0,1.0,3.0,3.0,0.0,212851.0,8.0,0.0,315641.625
1.0,0.0,0.0,0.0,0.0,0.0,213273.0,1.0,1202372.0,633077.0625
1.0,1.0,0.0,0.0,0.0,0.0,213273.0,2.0,1127629.0,1098893.25
1.0,1.0,1.0,0.0,0.0,0.0,213273.0,3.0,511300.0,1315311.0
1.0,1.0,1.0,1.0,0.0,0.0,213273.0,4.0,0.0,279464.75
0.0,1.0,0.0,0.0,0.0,0.0,213267.0,1.0,281093.0,1288072.125
0.0,2.0,0.0,0.0,0.0,0.0,213267.0,2.0,0.0,-1.10864639282e-05
0.0,1.0,0.0,0.0,0.0,0.0,213276.0,1.0,1388363.0,1288072.125
0.0,1.0,1.0,0.0,0.0,0.0,213276.0,2.0,1388227.0,1186741.75
0.0,1.0,1.0,1.0,0.0,0.0,213276.0,3.0,174032.0,222990.078125
0.0,1.0,1.0,1.0,1.0,0.0,213276.0,4.0,4717.0,355507.875
0.0,1.0,1.0,1.0,2.0,0.0,213276.0,5.0,0.0,0.0
1.0,0.0,0.0,0.0,0.0,0.0,213285.0,1.0,0.0,633077.0625
0.0,1.0,0.0,0.0,0.0,0.0,213279.0,1.0,862416.0,1288072.125
0.0,1.0,1.0,0.0,0.0,0.0,213279.0,2.0,64471.0,1186741.75
0.0,1.0,2.0,0.0,0.0,0.0,213279.0,3.0,0.0,0.0
0.0,1.0,0.0,0.0,0.0,0.0,212830.0,1.0,706368.0,1288072.125
0.0,2.0,0.0,0.0,0.0,0.0,212830.0,2.0,0.0,-1.10864639282e-05
1.0,0.0,0.0,0.0,0.0,0.0,213291.0,1.0,964612.0,633077.0625
1.0,1.0,0.0,0.0,0.0,0.0,213291.0,2.0,876262.0,1098893.25
1.0,1.0,1.0,0.0,0.0,0.0,213291.0,3.0,0.0,1315311.0
0.0,1.0,0.0,0.0,0.0,0.0,213091.0,1.0,1284517.0,1288072.125
0.0,1.0,1.0,0.0,0.0,0.0,213091.0,2.0,1213355.0,1186741.75
0.0,1.0,1.0,1.0,0.0,0.0,213091.0,3.0,226.0,222990.078125
0.0,1.0,1.0,1.0,1.0,0.0,213091.0,4.0,0.0,355507.875
0.0,1.0,0.0,0.0,0.0,0.0,212845.0,1.0,1382683.0,1288072.125
0.0,1.0,1.0,0.0,0.0,0.0,212845.0,2.0,1122310.0,1186741.75
0.0,1.0,1.0,1.0,0.0,0.0,212845.0,3.0,0.0,222990.078125
1.0,0.0,0.0,0.0,0.0,0.0,213303.0,1.0,872656.0,633077.0625
1.0,1.0,0.0,0.0,0.0,0.0,213303.0,2.0,785475.0,1098893.25
1.0,1.0,1.0,0.0,0.0,0.0,213303.0,3.0,785286.0,1315311.0
1.0,1.0,2.0,0.0,0.0,0.0,213303.0,4.0,0.0,2.68220901489e-07
1.0,0.0,0.0,0.0,0.0,0.0,213306.0,1.0,1304593.0,633077.0625
1.0,1.0,0.0,0.0,0.0,0.0,213306.0,2.0,1233059.0,1098893.25
1.0,2.0,0.0,0.0,0.0,0.0,213306.0,3.0,0.0,0.0
1.0,0.0,0.0,0.0,0.0,0.0,213309.0,1.0,273321.0,633077.0625
1.0,1.0,0.0,0.0,0.0,0.0,213309.0,2.0,188508.0,1098893.25
1.0,2.0,0.0,0.0,0.0,0.0,213309.0,3.0,0.0,0.0
0.0,1.0,0.0,0.0,0.0,0.0,212872.0,1.0,16082.0,1288072.125
0.0,2.0,0.0,0.0,0.0,0.0,212872.0,2.0,0.0,-1.10864639282e-05
0.0,0.0,0.0,0.0,0.0,1.0,213186.0,1.0,2965.0,220978.71875
0.0,0.0,0.0,0.0,0.0,2.0,213186.0,2.0,0.0,0.000303328037262
0.0,1.0,0.0,0.0,0.0,0.0,212917.0,1.0,1374062.0,1288072.125
0.0,1.0,1.0,0.0,0.0,0.0,212917.0,2.0,516824.0,1186741.75
0.0,1.0,1.0,1.0,0.0,0.0,212917.0,3.0,0.0,222990.078125
1.0,0.0,0.0,0.0,0.0,0.0,213312.0,1.0,0.0,633077.0625
1.0,0.0,0.0,0.0,0.0,0.0,213321.0,1.0,84259.0,633077.0625
1.0,1.0,0.0,0.0,0.0,0.0,213321.0,2.0,14968.0,1098893.25
1.0,2.0,0.0,0.0,0.0,0.0,213321.0,3.0,0.0,0.0
0.0,1.0,0.0,0.0,0.0,0.0,212905.0,1.0,1361392.0,1288072.125
0.0,2.0,0.0,0.0,0.0,0.0,212905.0,2.0,0.0,-1.10864639282e-05
0.0,1.0,0.0,0.0,0.0,0.0,213339.0,1.0,942073.0,1288072.125
0.0,1.0,1.0,0.0,0.0,0.0,213339.0,2.0,941987.0,1186741.75
0.0,1.0,2.0,0.0,0.0,0.0,213339.0,3.0,0.0,0.0
0.0,1.0,0.0,0.0,0.0,0.0,212929.0,1.0,1190339.0,1288072.125
0.0,1.0,1.0,0.0,0.0,0.0,212929.0,2.0,603337.0,1186741.75
0.0,1.0,1.0,1.0,0.0,0.0,212929.0,3.0,436233.0,222990.078125
0.0,1.0,1.0,1.0,1.0,0.0,212929.0,4.0,416918.0,355507.875
0.0,1.0,1.0,2.0,1.0,0.0,212929.0,5.0,247229.0,149330.515625
0.0,1.0,1.0,2.0,2.0,0.0,212929.0,6.0,167477.0,326641.25
0.0,1.0,1.0,3.0,2.0,0.0,212929.0,7.0,0.0,104732.710938
1.0,0.0,0.0,0.0,0.0,0.0,213354.0,1.0,685066.0,633077.0625
1.0,1.0,0.0,0.0,0.0,0.0,213354.0,2.0,684296.0,1098893.25
1.0,1.0,1.0,0.0,0.0,0.0,213354.0,3.0,676695.0,1315311.0
1.0,1.0,1.0,1.0,0.0,0.0,213354.0,4.0,618206.0,279464.75
1.0,1.0,1.0,1.0,1.0,0.0,213354.0,5.0,595679.0,461983.53125
1.0,1.0,1.0,1.0,2.0,0.0,213354.0,6.0,0.0,1.49011611938e-07
1.0,0.0,0.0,0.0,0.0,0.0,213375.0,1.0,943312.0,633077.0625
1.0,1.0,0.0,0.0,0.0,0.0,213375.0,2.0,874466.0,1098893.25
1.0,1.0,1.0,0.0,0.0,0.0,213375.0,3.0,82942.0,1315311.0
1.0,1.0,2.0,0.0,0.0,0.0,213375.0,4.0,0.0,2.68220901489e-07
1.0,0.0,0.0,0.0,0.0,0.0,213369.0,1.0,178775.0,633077.0625
1.0,1.0,0.0,0.0,0.0,0.0,213369.0,2.0,112874.0,1098893.25
1.0,2.0,0.0,0.0,0.0,0.0,213369.0,3.0,0.0,0.0
0.0,1.0,0.0,0.0,0.0,0.0,212824.0,1.0,1366339.0,1288072.125
0.0,1.0,1.0,0.0,0.0,0.0,212824.0,2.0,1357397.0,1186741.75
0.0,1.0,2.0,0.0,0.0,0.0,212824.0,3.0,0.0,0.0
0.0,1.0,0.0,0.0,0.0,0.0,212908.0,1.0,1291602.0,1288072.125
0.0,2.0,0.0,0.0,0.0,0.0,212908.0,2.0,0.0,-1.10864639282e-05
0.0,1.0,0.0,0.0,0.0,0.0,212911.0,1.0,851969.0,1288072.125
0.0,1.0,1.0,0.0,0.0,0.0,212911.0,2.0,848601.0,1186741.75
0.0,1.0,2.0,0.0,0.0,0.0,212911.0,3.0,0.0,0.0
0.0,1.0,0.0,0.0,0.0,0.0,212857.0,1.0,850496.0,1288072.125
0.0,1.0,1.0,0.0,0.0,0.0,212857.0,2.0,850416.0,1186741.75
0.0,1.0,2.0,0.0,0.0,0.0,212857.0,3.0,0.0,0.0
0.0,1.0,0.0,0.0,0.0,0.0,212932.0,1.0,1272742.0,1288072.125
0.0,1.0,1.0,0.0,0.0,0.0,212932.0,2.0,1175725.0,1186741.75
0.0,1.0,2.0,0.0,0.0,0.0,212932.0,3.0,0.0,0.0
1.0,0.0,0.0,0.0,0.0,0.0,213378.0,1.0,254647.0,633077.0625
1.0,1.0,0.0,0.0,0.0,0.0,213378.0,2.0,176902.0,1098893.25
1.0,2.0,0.0,0.0,0.0,0.0,213378.0,3.0,0.0,0.0
0.0,1.0,0.0,0.0,0.0,0.0,213384.0,1.0,1180063.0,1288072.125
0.0,1.0,1.0,0.0,0.0,0.0,213384.0,2.0,1179613.0,1186741.75
0.0,1.0,1.0,1.0,0.0,0.0,213384.0,3.0,232930.0,222990.078125
0.0,1.0,1.0,2.0,0.0,0.0,213384.0,4.0,0.0,-1.96695327759e-06
0.0,1.0,0.0,0.0,0.0,0.0,212926.0,1.0,0.0,1288072.125
0.0,1.0,0.0,0.0,0.0,0.0,212923.0,1.0,856700.0,1288072.125
0.0,1.0,1.0,0.0,0.0,0.0,212923.0,2.0,798903.0,1186741.75
0.0,1.0,2.0,0.0,0.0,0.0,212923.0,3.0,0.0,0.0
1.0,0.0,0.0,0.0,0.0,0.0,213393.0,1.0,1203193.0,633077.0625
1.0,1.0,0.0,0.0,0.0,0.0,213393.0,2.0,1129443.0,1098893.25
1.0,2.0,0.0,0.0,0.0,0.0,213393.0,3.0,0.0,0.0
0.0,1.0,0.0,0.0,0.0,0.0,212893.0,1.0,0.0,1288072.125
0.0,1.0,0.0,0.0,0.0,0.0,212944.0,1.0,1176024.0,1288072.125
0.0,1.0,1.0,0.0,0.0,0.0,212944.0,2.0,1175968.0,1186741.75
0.0,1.0,1.0,1.0,0.0,0.0,212944.0,3.0,118.0,222990.078125
0.0,1.0,1.0,1.0,1.0,0.0,212944.0,4.0,0.0,355507.875
0.0,1.0,0.0,0.0,0.0,0.0,212983.0,1.0,864397.0,1288072.125
0.0,1.0,1.0,0.0,0.0,0.0,212983.0,2.0,784962.0,1186741.75
0.0,1.0,2.0,0.0,0.0,0.0,212983.0,3.0,0.0,0.0
0.0,1.0,0.0,0.0,0.0,0.0,212995.0,1.0,1371389.0,1288072.125
0.0,1.0,1.0,0.0,0.0,0.0,212995.0,2.0,1370415.0,1186741.75
0.0,1.0,1.0,1.0,0.0,0.0,212995.0,3.0,615065.0,222990.078125
0.0,1.0,1.0,1.0,1.0,0.0,212995.0,4.0,432542.0,355507.875
0.0,1.0,1.0,1.0,2.0,0.0,212995.0,5.0,0.0,0.0
0.0,1.0,0.0,0.0,0.0,0.0,212950.0,1.0,741320.0,1288072.125
0.0,1.0,1.0,0.0,0.0,0.0,212950.0,2.0,159822.0,1186741.75
0.0,1.0,1.0,1.0,0.0,0.0,212950.0,3.0,60602.0,222990.078125
0.0,1.0,1.0,1.0,1.0,0.0,212950.0,4.0,42058.0,355507.875
0.0,1.0,1.0,2.0,1.0,0.0,212950.0,5.0,126.0,149330.515625
0.0,1.0,1.0,3.0,1.0,0.0,212950.0,6.0,0.0,0.000226080417633
0.0,1.0,0.0,0.0,0.0,0.0,212977.0,1.0,1189876.0,1288072.125
0.0,1.0,1.0,0.0,0.0,0.0,212977.0,2.0,1189755.0,1186741.75
0.0,1.0,2.0,0.0,0.0,0.0,212977.0,3.0,0.0,0.0
1.0,0.0,0.0,0.0,0.0,0.0,213411.0,1.0,680104.0,633077.0625
1.0,1.0,0.0,0.0,0.0,0.0,213411.0,2.0,679362.0,1098893.25
1.0,1.0,1.0,0.0,0.0,0.0,213411.0,3.0,678937.0,1315311.0
1.0,1.0,1.0,1.0,0.0,0.0,213411.0,4.0,4040.0,279464.75
1.0,1.0,1.0,2.0,0.0,0.0,213411.0,5.0,0.0,-5.96046447754e-08
0.0,1.0,0.0,0.0,0.0,0.0,213402.0,1.0,849108.0,1288072.125
0.0,1.0,1.0,0.0,0.0,0.0,213402.0,2.0,848918.0,1186741.75
0.0,1.0,2.0,0.0,0.0,0.0,213402.0,3.0,0.0,0.0
0.0,1.0,0.0,0.0,0.0,0.0,213001.0,1.0,935711.0,1288072.125
0.0,1.0,1.0,0.0,0.0,0.0,213001.0,2.0,356714.0,1186741.75
0.0,1.0,1.0,1.0,0.0,0.0,213001.0,3.0,103152.0,222990.078125
0.0,1.0,1.0,1.0,1.0,0.0,213001.0,4.0,98833.0,355507.875
0.0,1.0,1.0,2.0,1.0,0.0,213001.0,5.0,0.0,149330.515625
0.0,1.0,0.0,0.0,0.0,0.0,213004.0,1.0,1013853.0,1288072.125
0.0,2.0,0.0,0.0,0.0,0.0,213004.0,2.0,0.0,-1.10864639282e-05
0.0,1.0,0.0,0.0,0.0,0.0,213417.0,1.0,1353694.0,1288072.125
0.0,1.0,1.0,0.0,0.0,0.0,213417.0,2.0,1188030.0,1186741.75
0.0,1.0,1.0,1.0,0.0,0.0,213417.0,3.0,674375.0,222990.078125
0.0,1.0,1.0,1.0,1.0,0.0,213417.0,4.0,654833.0,355507.875
0.0,1.0,1.0,2.0,1.0,0.0,213417.0,5.0,0.0,149330.515625
0.0,1.0,0.0,0.0,0.0,0.0,213414.0,1.0,1266145.0,1288072.125
0.0,1.0,1.0,0.0,0.0,0.0,213414.0,2.0,1265931.0,1186741.75
0.0,1.0,2.0,0.0,0.0,0.0,213414.0,3.0,0.0,0.0
0.0,1.0,0.0,0.0,0.0,0.0,213007.0,1.0,1371501.0,1288072.125
0.0,1.0,1.0,0.0,0.0,0.0,213007.0,2.0,1290362.0,1186741.75
0.0,1.0,2.0,0.0,0.0,0.0,213007.0,3.0,0.0,0.0
1.0,0.0,0.0,0.0,0.0,0.0,213405.0,1.0,841762.0,633077.0625
1.0,1.0,0.0,0.0,0.0,0.0,213405.0,2.0,839141.0,1098893.25
1.0,1.0,1.0,0.0,0.0,0.0,213405.0,3.0,839069.0,1315311.0
1.0,1.0,1.0,1.0,0.0,0.0,213405.0,4.0,0.0,279464.75
0.0,1.0,0.0,0.0,0.0,0.0,213423.0,1.0,1284641.0,1288072.125
0.0,1.0,1.0,0.0,0.0,0.0,213423.0,2.0,1284546.0,1186741.75
0.0,1.0,1.0,1.0,0.0,0.0,213423.0,3.0,0.0,222990.078125
1.0,0.0,0.0,0.0,0.0,0.0,213399.0,1.0,0.0,633077.0625
0.0,1.0,0.0,0.0,0.0,0.0,213010.0,1.0,1263435.0,1288072.125
0.0,1.0,1.0,0.0,0.0,0.0,213010.0,2.0,1259036.0,1186741.75
0.0,1.0,1.0,1.0,0.0,0.0,213010.0,3.0,84559.0,222990.078125
0.0,1.0,1.0,1.0,1.0,0.0,213010.0,4.0,78946.0,355507.875
0.0,1.0,1.0,2.0,1.0,0.0,213010.0,5.0,0.0,149330.515625
0.0,1.0,0.0,0.0,0.0,0.0,213046.0,1.0,1277517.0,1288072.125
0.0,1.0,1.0,0.0,0.0,0.0,213046.0,2.0,371347.0,1186741.75
0.0,1.0,2.0,0.0,0.0,0.0,213046.0,3.0,0.0,0.0
0.0,1.0,0.0,0.0,0.0,0.0,213058.0,1.0,0.0,1288072.125
0.0,1.0,0.0,0.0,0.0,0.0,213420.0,1.0,1351889.0,1288072.125
0.0,1.0,1.0,0.0,0.0,0.0,213420.0,2.0,1347915.0,1186741.75
0.0,1.0,2.0,0.0,0.0,0.0,213420.0,3.0,0.0,0.0
0.0,1.0,0.0,0.0,0.0,0.0,213019.0,1.0,1199346.0,1288072.125
0.0,1.0,1.0,0.0,0.0,0.0,213019.0,2.0,1199297.0,1186741.75
0.0,1.0,1.0,1.0,0.0,0.0,213019.0,3.0,486.0,222990.078125
0.0,1.0,1.0,2.0,0.0,0.0,213019.0,4.0,0.0,-1.96695327759e-06
0.0,1.0,0.0,0.0,0.0,0.0,213064.0,1.0,831242.0,1288072.125
0.0,2.0,0.0,0.0,0.0,0.0,213064.0,2.0,0.0,-1.10864639282e-05
0.0,1.0,0.0,0.0,0.0,0.0,213052.0,1.0,1280683.0,1288072.125
0.0,1.0,1.0,0.0,0.0,0.0,213052.0,2.0,602594.0,1186741.75
0.0,1.0,1.0,1.0,0.0,0.0,213052.0,3.0,360650.0,222990.078125
0.0,1.0,1.0,1.0,1.0,0.0,213052.0,4.0,355443.0,355507.875
0.0,1.0,1.0,2.0,1.0,0.0,213052.0,5.0,0.0,149330.515625
0.0,1.0,0.0,0.0,0.0,0.0,213438.0,1.0,1009068.0,1288072.125
0.0,1.0,1.0,0.0,0.0,0.0,213438.0,2.0,223502.0,1186741.75
0.0,1.0,2.0,0.0,0.0,0.0,213438.0,3.0,0.0,0.0
0.0,1.0,0.0,0.0,0.0,0.0,213094.0,1.0,1624.0,1288072.125
0.0,2.0,0.0,0.0,0.0,0.0,213094.0,2.0,0.0,-1.10864639282e-05
0.0,1.0,0.0,0.0,0.0,0.0,213123.0,1.0,848879.0,1288072.125
0.0,1.0,1.0,0.0,0.0,0.0,213123.0,2.0,184.0,1186741.75
0.0,1.0,2.0,0.0,0.0,0.0,213123.0,3.0,0.0,0.0
0.0,1.0,0.0,0.0,0.0,0.0,213076.0,1.0,674765.0,1288072.125
0.0,1.0,1.0,0.0,0.0,0.0,213076.0,2.0,674560.0,1186741.75
0.0,1.0,1.0,1.0,0.0,0.0,213076.0,3.0,17943.0,222990.078125
0.0,1.0,1.0,1.0,1.0,0.0,213076.0,4.0,5721.0,355507.875
0.0,1.0,1.0,1.0,2.0,0.0,213076.0,5.0,0.0,0.0
1.0,0.0,0.0,0.0,0.0,0.0,213447.0,1.0,0.0,633077.0625
0.0,1.0,0.0,0.0,0.0,0.0,213097.0,1.0,342047.0,1288072.125
0.0,2.0,0.0,0.0,0.0,0.0,213097.0,2.0,0.0,-1.10864639282e-05
0.0,1.0,0.0,0.0,0.0,0.0,213132.0,1.0,1017706.0,1288072.125
0.0,1.0,1.0,0.0,0.0,0.0,213132.0,2.0,344748.0,1186741.75
0.0,1.0,1.0,1.0,0.0,0.0,213132.0,3.0,10178.0,222990.078125
0.0,1.0,1.0,1.0,1.0,0.0,213132.0,4.0,4179.0,355507.875
0.0,1.0,1.0,2.0,1.0,0.0,213132.0,5.0,0.0,149330.515625
0.0,1.0,0.0,0.0,0.0,0.0,213126.0,1.0,663046.0,1288072.125
0.0,1.0,1.0,0.0,0.0,0.0,213126.0,2.0,659750.0,1186741.75
0.0,1.0,1.0,1.0,0.0,0.0,213126.0,3.0,77823.0,222990.078125
0.0,1.0,1.0,2.0,0.0,0.0,213126.0,4.0,0.0,-1.96695327759e-06
0.0,1.0,0.0,0.0,0.0,0.0,213456.0,1.0,1349948.0,1288072.125
0.0,1.0,1.0,0.0,0.0,0.0,213456.0,2.0,1344992.0,1186741.75
0.0,1.0,2.0,0.0,0.0,0.0,213456.0,3.0,0.0,0.0
0.0,1.0,0.0,0.0,0.0,0.0,213465.0,1.0,936089.0,1288072.125
0.0,1.0,1.0,0.0,0.0,0.0,213465.0,2.0,265836.0,1186741.75
0.0,1.0,1.0,1.0,0.0,0.0,213465.0,3.0,265764.0,222990.078125
0.0,1.0,1.0,2.0,0.0,0.0,213465.0,4.0,0.0,-1.96695327759e-06
1.0,0.0,0.0,0.0,0.0,0.0,213462.0,1.0,0.0,633077.0625
0.0,1.0,0.0,0.0,0.0,0.0,213450.0,1.0,748766.0,1288072.125
0.0,1.0,1.0,0.0,0.0,0.0,213450.0,2.0,748663.0,1186741.75
0.0,1.0,1.0,1.0,0.0,0.0,213450.0,3.0,0.0,222990.078125
0.0,1.0,0.0,0.0,0.0,0.0,213474.0,1.0,863445.0,1288072.125
0.0,1.0,1.0,0.0,0.0,0.0,213474.0,2.0,776532.0,1186741.75
0.0,1.0,2.0,0.0,0.0,0.0,213474.0,3.0,0.0,0.0
0.0,1.0,0.0,0.0,0.0,0.0,213468.0,1.0,1258187.0,1288072.125
0.0,1.0,1.0,0.0,0.0,0.0,213468.0,2.0,1257671.0,1186741.75
0.0,1.0,1.0,1.0,0.0,0.0,213468.0,3.0,0.0,222990.078125
0.0,1.0,0.0,0.0,0.0,0.0,213174.0,1.0,0.0,1288072.125
0.0,1.0,0.0,0.0,0.0,0.0,213192.0,1.0,914075.0,1288072.125
0.0,1.0,1.0,0.0,0.0,0.0,213192.0,2.0,247480.0,1186741.75
0.0,1.0,1.0,1.0,0.0,0.0,213192.0,3.0,0.0,222990.078125
1.0,0.0,0.0,0.0,0.0,0.0,213441.0,1.0,0.0,633077.0625
0.0,1.0,0.0,0.0,0.0,0.0,213288.0,1.0,1348534.0,1288072.125
0.0,1.0,1.0,0.0,0.0,0.0,213288.0,2.0,688985.0,1186741.75
0.0,1.0,1.0,1.0,0.0,0.0,213288.0,3.0,189113.0,222990.078125
0.0,1.0,1.0,1.0,1.0,0.0,213288.0,4.0,62429.0,355507.875
0.0,1.0,1.0,1.0,2.0,0.0,213288.0,5.0,0.0,0.0
1.0,0.0,0.0,0.0,0.0,0.0,213444.0,1.0,0.0,633077.0625
1.0,0.0,0.0,0.0,0.0,0.0,213477.0,1.0,1285863.0,633077.0625
1.0,1.0,0.0,0.0,0.0,0.0,213477.0,2.0,1284880.0,1098893.25
1.0,2.0,0.0,0.0,0.0,0.0,213477.0,3.0,0.0,0.0
1.0,0.0,0.0,0.0,0.0,0.0,213492.0,1.0,843815.0,633077.0625
1.0,1.0,0.0,0.0,0.0,0.0,213492.0,2.0,778881.0,1098893.25
1.0,2.0,0.0,0.0,0.0,0.0,213492.0,3.0,0.0,0.0
0.0,1.0,0.0,0.0,0.0,0.0,213495.0,1.0,664579.0,1288072.125
0.0,1.0,1.0,0.0,0.0,0.0,213495.0,2.0,664383.0,1186741.75
0.0,1.0,1.0,1.0,0.0,0.0,213495.0,3.0,0.0,222990.078125
0.0,1.0,0.0,0.0,0.0,0.0,213210.0,1.0,1366402.0,1288072.125
0.0,1.0,1.0,0.0,0.0,0.0,213210.0,2.0,1299959.0,1186741.75
0.0,1.0,1.0,1.0,0.0,0.0,213210.0,3.0,692148.0,222990.078125
0.0,1.0,1.0,1.0,1.0,0.0,213210.0,4.0,689739.0,355507.875
0.0,1.0,1.0,2.0,1.0,0.0,213210.0,5.0,182335.0,149330.515625
0.0,1.0,1.0,2.0,2.0,0.0,213210.0,6.0,178321.0,326641.25
0.0,1.0,1.0,2.0,3.0,0.0,213210.0,7.0,0.0,-0.000108361244202
0.0,1.0,0.0,0.0,0.0,0.0,213300.0,1.0,846096.0,1288072.125
0.0,1.0,1.0,0.0,0.0,0.0,213300.0,2.0,783149.0,1186741.75
0.0,1.0,1.0,1.0,0.0,0.0,213300.0,3.0,82226.0,222990.078125
0.0,1.0,1.0,1.0,1.0,0.0,213300.0,4.0,81759.0,355507.875
0.0,1.0,1.0,2.0,1.0,0.0,213300.0,5.0,3260.0,149330.515625
0.0,1.0,1.0,3.0,1.0,0.0,213300.0,6.0,0.0,0.000226080417633
0.0,1.0,0.0,0.0,0.0,0.0,213228.0,1.0,1345381.0,1288072.125
0.0,1.0,1.0,0.0,0.0,0.0,213228.0,2.0,1292373.0,1186741.75
0.0,1.0,2.0,0.0,0.0,0.0,213228.0,3.0,0.0,0.0
0.0,1.0,0.0,0.0,0.0,0.0,213501.0,1.0,1363992.0,1288072.125
0.0,1.0,1.0,0.0,0.0,0.0,213501.0,2.0,792317.0,1186741.75
0.0,1.0,1.0,1.0,0.0,0.0,213501.0,3.0,606232.0,222990.078125
0.0,1.0,1.0,1.0,1.0,0.0,213501.0,4.0,603038.0,355507.875
0.0,1.0,1.0,2.0,1.0,0.0,213501.0,5.0,0.0,149330.515625
1.0,0.0,0.0,0.0,0.0,0.0,213498.0,1.0,1350091.0,633077.0625
1.0,1.0,0.0,0.0,0.0,0.0,213498.0,2.0,1286097.0,1098893.25
1.0,2.0,0.0,0.0,0.0,0.0,213498.0,3.0,0.0,0.0
0.0,1.0,0.0,0.0,0.0,0.0,213213.0,1.0,649761.0,1288072.125
0.0,1.0,1.0,0.0,0.0,0.0,213213.0,2.0,649660.0,1186741.75
0.0,1.0,1.0,1.0,0.0,0.0,213213.0,3.0,0.0,222990.078125
1.0,0.0,0.0,0.0,0.0,0.0,213504.0,1.0,0.0,633077.0625
0.0,1.0,0.0,0.0,0.0,0.0,213207.0,1.0,51092.0,1288072.125
0.0,2.0,0.0,0.0,0.0,0.0,213207.0,2.0,0.0,-1.10864639282e-05
1.0,0.0,0.0,0.0,0.0,0.0,213507.0,1.0,1344105.0,633077.0625
1.0,1.0,0.0,0.0,0.0,0.0,213507.0,2.0,1344053.0,1098893.25
1.0,1.0,1.0,0.0,0.0,0.0,213507.0,3.0,580194.0,1315311.0
1.0,1.0,2.0,0.0,0.0,0.0,213507.0,4.0,0.0,2.68220901489e-07
0.0,1.0,0.0,0.0,0.0,0.0,213225.0,1.0,1511.0,1288072.125
0.0,2.0,0.0,0.0,0.0,0.0,213225.0,2.0,0.0,-1.10864639282e-05
0.0,1.0,0.0,0.0,0.0,0.0,213513.0,1.0,1005723.0,1288072.125
0.0,1.0,1.0,0.0,0.0,0.0,213513.0,2.0,1005364.0,1186741.75
0.0,1.0,1.0,1.0,0.0,0.0,213513.0,3.0,0.0,222990.078125
1.0,0.0,0.0,0.0,0.0,0.0,213510.0,1.0,94.0,633077.0625
1.0,1.0,0.0,0.0,0.0,0.0,213510.0,2.0,0.0,1098893.25
1.0,0.0,0.0,0.0,0.0,0.0,213519.0,1.0,584369.0,633077.0625
1.0,1.0,0.0,0.0,0.0,0.0,213519.0,2.0,584333.0,1098893.25
1.0,2.0,0.0,0.0,0.0,0.0,213519.0,3.0,0.0,0.0
1.0,0.0,0.0,0.0,0.0,0.0,213597.0,1.0,798977.0,633077.0625
1.0,1.0,0.0,0.0,0.0,0.0,213597.0,2.0,787830.0,1098893.25
1.0,1.0,1.0,0.0,0.0,0.0,213597.0,3.0,270628.0,1315311.0
1.0,1.0,1.0,1.0,0.0,0.0,213597.0,4.0,0.0,279464.75
1.0,0.0,0.0,0.0,0.0,0.0,213603.0,1.0,13913.0,633077.0625
1.0,1.0,0.0,0.0,0.0,0.0,213603.0,2.0,3350.0,1098893.25
1.0,2.0,0.0,0.0,0.0,0.0,213603.0,3.0,0.0,0.0
1.0,0.0,0.0,0.0,0.0,0.0,213578.0,1.0,0.0,633077.0625
1.0,0.0,0.0,0.0,0.0,0.0,213563.0,1.0,0.0,633077.0625
1.0,0.0,0.0,0.0,0.0,0.0,213525.0,1.0,0.0,633077.0625
1.0,0.0,0.0,0.0,0.0,0.0,213546.0,1.0,40834.0,633077.0625
1.0,1.0,0.0,0.0,0.0,0.0,213546.0,2.0,31826.0,1098893.25
1.0,2.0,0.0,0.0,0.0,0.0,213546.0,3.0,0.0,0.0
1.0,0.0,0.0,0.0,0.0,0.0,213569.0,1.0,505.0,633077.0625
2.0,0.0,0.0,0.0,0.0,0.0,213569.0,2.0,0.0,2.98023223877e-08
1.0,0.0,0.0,0.0,0.0,0.0,213575.0,1.0,886843.0,633077.0625
1.0,1.0,0.0,0.0,0.0,0.0,213575.0,2.0,886284.0,1098893.25
1.0,1.0,1.0,0.0,0.0,0.0,213575.0,3.0,878546.0,1315311.0
1.0,1.0,2.0,0.0,0.0,0.0,213575.0,4.0,0.0,2.68220901489e-07
0.0,0.0,0.0,0.0,0.0,1.0,213522.0,1.0,5427.0,220978.71875
0.0,0.0,0.0,0.0,0.0,2.0,213522.0,2.0,0.0,0.000303328037262
1.0,0.0,0.0,0.0,0.0,0.0,213534.0,1.0,446.0,633077.0625
1.0,1.0,0.0,0.0,0.0,0.0,213534.0,2.0,0.0,1098893.25
0.0,1.0,0.0,0.0,0.0,0.0,213366.0,1.0,798818.0,1288072.125
0.0,1.0,1.0,0.0,0.0,0.0,213366.0,2.0,798750.0,1186741.75
0.0,1.0,2.0,0.0,0.0,0.0,213366.0,3.0,0.0,0.0
0.0,1.0,0.0,0.0,0.0,0.0,213615.0,1.0,865723.0,1288072.125
0.0,1.0,1.0,0.0,0.0,0.0,213615.0,2.0,771332.0,1186741.75
0.0,1.0,2.0,0.0,0.0,0.0,213615.0,3.0,0.0,0.0
1.0,0.0,0.0,0.0,0.0,0.0,213612.0,1.0,0.0,633077.0625
0.0,1.0,0.0,0.0,0.0,0.0,213572.0,1.0,1235247.0,1288072.125
0.0,1.0,1.0,0.0,0.0,0.0,213572.0,2.0,1235196.0,1186741.75
0.0,1.0,2.0,0.0,0.0,0.0,213572.0,3.0,0.0,0.0
0.0,1.0,0.0,0.0,0.0,0.0,213231.0,1.0,1299441.0,1288072.125
0.0,1.0,1.0,0.0,0.0,0.0,213231.0,2.0,944230.0,1186741.75
0.0,1.0,2.0,0.0,0.0,0.0,213231.0,3.0,0.0,0.0
0.0,1.0,0.0,0.0,0.0,0.0,213624.0,1.0,628908.0,1288072.125
0.0,1.0,1.0,0.0,0.0,0.0,213624.0,2.0,620953.0,1186741.75
0.0,1.0,1.0,1.0,0.0,0.0,213624.0,3.0,352939.0,222990.078125
0.0,1.0,1.0,1.0,1.0,0.0,213624.0,4.0,352712.0,355507.875
0.0,1.0,1.0,2.0,1.0,0.0,213624.0,5.0,112730.0,149330.515625
0.0,1.0,1.0,2.0,2.0,0.0,213624.0,6.0,89163.0,326641.25
0.0,1.0,1.0,3.0,2.0,0.0,213624.0,7.0,0.0,104732.710938
0.0,1.0,0.0,0.0,0.0,0.0,213557.0,1.0,0.0,1288072.125
0.0,1.0,0.0,0.0,0.0,0.0,213609.0,1.0,1305537.0,1288072.125
0.0,1.0,1.0,0.0,0.0,0.0,213609.0,2.0,1289537.0,1186741.75
0.0,1.0,1.0,1.0,0.0,0.0,213609.0,3.0,771142.0,222990.078125
0.0,1.0,1.0,1.0,1.0,0.0,213609.0,4.0,682085.0,355507.875
0.0,1.0,1.0,2.0,1.0,0.0,213609.0,5.0,612714.0,149330.515625
0.0,1.0,1.0,2.0,2.0,0.0,213609.0,6.0,529574.0,326641.25
0.0,1.0,1.0,3.0,2.0,0.0,213609.0,7.0,156646.0,104732.710938
0.0,1.0,1.0,4.0,2.0,0.0,213609.0,8.0,0.0,-0.000645637512207
0.0,1.0,0.0,0.0,0.0,0.0,213543.0,1.0,796533.0,1288072.125
0.0,1.0,1.0,0.0,0.0,0.0,213543.0,2.0,796455.0,1186741.75
0.0,1.0,2.0,0.0,0.0,0.0,213543.0,3.0,0.0,0.0
0.0,1.0,0.0,0.0,0.0,0.0,213621.0,1.0,802645.0,1288072.125
0.0,1.0,1.0,0.0,0.0,0.0,213621.0,2.0,802403.0,1186741.75
0.0,1.0,2.0,0.0,0.0,0.0,213621.0,3.0,0.0,0.0
0.0,1.0,0.0,0.0,0.0,0.0,213252.0,1.0,21529.0,1288072.125
0.0,2.0,0.0,0.0,0.0,0.0,213252.0,2.0,0.0,-1.10864639282e-05
0.0,1.0,0.0,0.0,0.0,0.0,213249.0,1.0,1311219.0,1288072.125
0.0,1.0,1.0,0.0,0.0,0.0,213249.0,2.0,508044.0,1186741.75
0.0,1.0,2.0,0.0,0.0,0.0,213249.0,3.0,0.0,0.0
0.0,1.0,0.0,0.0,0.0,0.0,213258.0,1.0,1203970.0,1288072.125
0.0,1.0,1.0,0.0,0.0,0.0,213258.0,2.0,1200885.0,1186741.75
0.0,1.0,1.0,1.0,0.0,0.0,213258.0,3.0,244385.0,222990.078125
0.0,1.0,1.0,1.0,1.0,0.0,213258.0,4.0,234579.0,355507.875
0.0,1.0,1.0,2.0,1.0,0.0,213258.0,5.0,0.0,149330.515625
0.0,1.0,0.0,0.0,0.0,0.0,213489.0,1.0,31979.0,1288072.125
0.0,2.0,0.0,0.0,0.0,0.0,213489.0,2.0,0.0,-1.10864639282e-05
0.0,1.0,0.0,0.0,0.0,0.0,213342.0,1.0,1297499.0,1288072.125
0.0,1.0,1.0,0.0,0.0,0.0,213342.0,2.0,610950.0,1186741.75
0.0,1.0,1.0,1.0,0.0,0.0,213342.0,3.0,93500.0,222990.078125
0.0,1.0,1.0,1.0,1.0,0.0,213342.0,4.0,87730.0,355507.875
0.0,1.0,1.0,2.0,1.0,0.0,213342.0,5.0,0.0,149330.515625
0.0,1.0,0.0,0.0,0.0,0.0,213633.0,1.0,0.0,1288072.125
0.0,1.0,0.0,0.0,0.0,0.0,213651.0,1.0,895181.0,1288072.125
0.0,1.0,1.0,0.0,0.0,0.0,213651.0,2.0,100774.0,1186741.75
0.0,1.0,2.0,0.0,0.0,0.0,213651.0,3.0,0.0,0.0
0.0,1.0,0.0,0.0,0.0,0.0,213294.0,1.0,794404.0,1288072.125
0.0,1.0,1.0,0.0,0.0,0.0,213294.0,2.0,794135.0,1186741.75
0.0,1.0,2.0,0.0,0.0,0.0,213294.0,3.0,0.0,0.0
1.0,0.0,0.0,0.0,0.0,0.0,213645.0,1.0,0.0,633077.0625
0.0,1.0,0.0,0.0,0.0,0.0,213330.0,1.0,1224151.0,1288072.125
0.0,1.0,1.0,0.0,0.0,0.0,213330.0,2.0,0.0,1186741.75
0.0,1.0,0.0,0.0,0.0,0.0,213636.0,1.0,631893.0,1288072.125
0.0,2.0,0.0,0.0,0.0,0.0,213636.0,2.0,0.0,-1.10864639282e-05
0.0,1.0,0.0,0.0,0.0,0.0,213348.0,1.0,192443.0,1288072.125
0.0,2.0,0.0,0.0,0.0,0.0,213348.0,2.0,0.0,-1.10864639282e-05
0.0,1.0,0.0,0.0,0.0,0.0,213660.0,1.0,1309477.0,1288072.125
0.0,1.0,1.0,0.0,0.0,0.0,213660.0,2.0,1307991.0,1186741.75
0.0,1.0,1.0,1.0,0.0,0.0,213660.0,3.0,195708.0,222990.078125
0.0,1.0,1.0,1.0,1.0,0.0,213660.0,4.0,190607.0,355507.875
0.0,1.0,1.0,1.0,2.0,0.0,213660.0,5.0,0.0,0.0
1.0,0.0,0.0,0.0,0.0,0.0,213663.0,1.0,0.0,633077.0625
1.0,0.0,0.0,0.0,0.0,0.0,213666.0,1.0,0.0,633077.0625
0.0,1.0,0.0,0.0,0.0,0.0,213630.0,1.0,798755.0,1288072.125
0.0,1.0,1.0,0.0,0.0,0.0,213630.0,2.0,797231.0,1186741.75
0.0,1.0,2.0,0.0,0.0,0.0,213630.0,3.0,0.0,0.0
0.0,1.0,0.0,0.0,0.0,0.0,213639.0,1.0,802960.0,1288072.125
0.0,1.0,1.0,0.0,0.0,0.0,213639.0,2.0,0.0,1186741.75
0.0,1.0,0.0,0.0,0.0,0.0,213672.0,1.0,876004.0,1288072.125
0.0,1.0,1.0,0.0,0.0,0.0,213672.0,2.0,264025.0,1186741.75
0.0,1.0,1.0,1.0,0.0,0.0,213672.0,3.0,7874.0,222990.078125
0.0,1.0,1.0,1.0,1.0,0.0,213672.0,4.0,2676.0,355507.875
0.0,1.0,1.0,1.0,2.0,0.0,213672.0,5.0,0.0,0.0
0.0,1.0,0.0,0.0,0.0,0.0,213669.0,1.0,1305692.0,1288072.125
0.0,1.0,1.0,0.0,0.0,0.0,213669.0,2.0,508485.0,1186741.75
0.0,1.0,2.0,0.0,0.0,0.0,213669.0,3.0,0.0,0.0
0.0,1.0,0.0,0.0,0.0,0.0,213600.0,1.0,687747.0,1288072.125
0.0,1.0,1.0,0.0,0.0,0.0,213600.0,2.0,171873.0,1186741.75
0.0,1.0,1.0,1.0,0.0,0.0,213600.0,3.0,0.0,222990.078125
0.0,1.0,0.0,0.0,0.0,0.0,213675.0,1.0,1292317.0,1288072.125
0.0,1.0,1.0,0.0,0.0,0.0,213675.0,2.0,1218038.0,1186741.75
0.0,1.0,1.0,1.0,0.0,0.0,213675.0,3.0,0.0,222990.078125
1.0,0.0,0.0,0.0,0.0,0.0,213681.0,1.0,0.0,633077.0625
1.0,0.0,0.0,0.0,0.0,0.0,213678.0,1.0,0.0,633077.0625
1.0,0.0,0.0,0.0,0.0,0.0,213684.0,1.0,272087.0,633077.0625
1.0,1.0,0.0,0.0,0.0,0.0,213684.0,2.0,262285.0,1098893.25
1.0,2.0,0.0,0.0,0.0,0.0,213684.0,3.0,0.0,0.0
0.0,1.0,0.0,0.0,0.0,0.0,213390.0,1.0,1223697.0,1288072.125
0.0,1.0,1.0,0.0,0.0,0.0,213390.0,2.0,507126.0,1186741.75
0.0,1.0,2.0,0.0,0.0,0.0,213390.0,3.0,0.0,0.0
0.0,1.0,0.0,0.0,0.0,0.0,213372.0,1.0,0.0,1288072.125
0.0,1.0,0.0,0.0,0.0,0.0,213381.0,1.0,1200758.0,1288072.125
0.0,1.0,1.0,0.0,0.0,0.0,213381.0,2.0,1180070.0,1186741.75
0.0,1.0,2.0,0.0,0.0,0.0,213381.0,3.0,0.0,0.0
0.0,1.0,0.0,0.0,0.0,0.0,213693.0,1.0,528394.0,1288072.125
0.0,1.0,1.0,0.0,0.0,0.0,213693.0,2.0,528295.0,1186741.75
0.0,1.0,1.0,1.0,0.0,0.0,213693.0,3.0,14409.0,222990.078125
0.0,1.0,1.0,2.0,0.0,0.0,213693.0,4.0,0.0,-1.96695327759e-06
1.0,0.0,0.0,0.0,0.0,0.0,213720.0,1.0,1215145.0,633077.0625
1.0,1.0,0.0,0.0,0.0,0.0,213720.0,2.0,1214608.0,1098893.25
1.0,1.0,1.0,0.0,0.0,0.0,213720.0,3.0,1214522.0,1315311.0
1.0,1.0,1.0,1.0,0.0,0.0,213720.0,4.0,442871.0,279464.75
1.0,1.0,1.0,2.0,0.0,0.0,213720.0,5.0,0.0,-5.96046447754e-08
1.0,0.0,0.0,0.0,0.0,0.0,213690.0,1.0,1282898.0,633077.0625
1.0,1.0,0.0,0.0,0.0,0.0,213690.0,2.0,1271744.0,1098893.25
1.0,2.0,0.0,0.0,0.0,0.0,213690.0,3.0,0.0,0.0
1.0,0.0,0.0,0.0,0.0,0.0,213702.0,1.0,432.0,633077.0625
2.0,0.0,0.0,0.0,0.0,0.0,213702.0,2.0,0.0,2.98023223877e-08
0.0,1.0,0.0,0.0,0.0,0.0,213429.0,1.0,182853.0,1288072.125
0.0,2.0,0.0,0.0,0.0,0.0,213429.0,2.0,0.0,-1.10864639282e-05
1.0,0.0,0.0,0.0,0.0,0.0,213708.0,1.0,16581.0,633077.0625
1.0,1.0,0.0,0.0,0.0,0.0,213708.0,2.0,9419.0,1098893.25
1.0,2.0,0.0,0.0,0.0,0.0,213708.0,3.0,0.0,0.0
1.0,0.0,0.0,0.0,0.0,0.0,213738.0,1.0,1299614.0,633077.0625
1.0,1.0,0.0,0.0,0.0,0.0,213738.0,2.0,1299249.0,1098893.25
1.0,1.0,1.0,0.0,0.0,0.0,213738.0,3.0,1299096.0,1315311.0
1.0,1.0,1.0,1.0,0.0,0.0,213738.0,4.0,622491.0,279464.75
1.0,1.0,1.0,1.0,1.0,0.0,213738.0,5.0,621488.0,461983.53125
1.0,1.0,1.0,2.0,1.0,0.0,213738.0,6.0,95273.0,223363.6875
1.0,1.0,1.0,2.0,2.0,0.0,213738.0,7.0,79891.0,486961.375
1.0,1.0,1.0,3.0,2.0,0.0,213738.0,8.0,24003.0,102798.632812
1.0,1.0,1.0,3.0,3.0,0.0,213738.0,9.0,11267.0,265378.84375
1.0,1.0,1.0,3.0,4.0,0.0,213738.0,10.0,0.0,0.46617642045
1.0,0.0,0.0,0.0,0.0,0.0,213711.0,1.0,874282.0,633077.0625
1.0,1.0,0.0,0.0,0.0,0.0,213711.0,2.0,870046.0,1098893.25
1.0,1.0,1.0,0.0,0.0,0.0,213711.0,3.0,869758.0,1315311.0
1.0,1.0,1.0,1.0,0.0,0.0,213711.0,4.0,28001.0,279464.75
1.0,1.0,1.0,1.0,1.0,0.0,213711.0,5.0,26776.0,461983.53125
1.0,1.0,1.0,2.0,1.0,0.0,213711.0,6.0,7669.0,223363.6875
1.0,1.0,1.0,2.0,2.0,0.0,213711.0,7.0,7537.0,486961.375
1.0,1.0,1.0,2.0,3.0,0.0,213711.0,8.0,0.0,0.0416013896465
0.0,1.0,0.0,0.0,0.0,0.0,213432.0,1.0,1295372.0,1288072.125
0.0,1.0,1.0,0.0,0.0,0.0,213432.0,2.0,1015361.0,1186741.75
0.0,1.0,1.0,1.0,0.0,0.0,213432.0,3.0,7245.0,222990.078125
0.0,1.0,1.0,1.0,1.0,0.0,213432.0,4.0,7184.0,355507.875
0.0,1.0,1.0,2.0,1.0,0.0,213432.0,5.0,6808.0,149330.515625
0.0,1.0,1.0,2.0,2.0,0.0,213432.0,6.0,0.0,326641.25
0.0,1.0,0.0,0.0,0.0,0.0,213426.0,1.0,241255.0,1288072.125
0.0,2.0,0.0,0.0,0.0,0.0,213426.0,2.0,0.0,-1.10864639282e-05
1.0,0.0,0.0,0.0,0.0,0.0,213744.0,1.0,602909.0,633077.0625
1.0,1.0,0.0,0.0,0.0,0.0,213744.0,2.0,602461.0,1098893.25
1.0,2.0,0.0,0.0,0.0,0.0,213744.0,3.0,0.0,0.0
0.0,1.0,0.0,0.0,0.0,0.0,213459.0,1.0,682775.0,1288072.125
0.0,1.0,1.0,0.0,0.0,0.0,213459.0,2.0,174689.0,1186741.75
0.0,1.0,1.0,1.0,0.0,0.0,213459.0,3.0,0.0,222990.078125
1.0,0.0,0.0,0.0,0.0,0.0,213741.0,1.0,89.0,633077.0625
2.0,0.0,0.0,0.0,0.0,0.0,213741.0,2.0,0.0,2.98023223877e-08
1.0,0.0,0.0,0.0,0.0,0.0,213747.0,1.0,0.0,633077.0625
0.0,1.0,0.0,0.0,0.0,0.0,213750.0,1.0,1216021.0,1288072.125
0.0,1.0,1.0,0.0,0.0,0.0,213750.0,2.0,1215785.0,1186741.75
0.0,1.0,2.0,0.0,0.0,0.0,213750.0,3.0,0.0,0.0
0.0,1.0,0.0,0.0,0.0,0.0,213243.0,1.0,14335.0,1288072.125
0.0,2.0,0.0,0.0,0.0,0.0,213243.0,2.0,0.0,-1.10864639282e-05
0.0,1.0,0.0,0.0,0.0,0.0,213282.0,1.0,863788.0,1288072.125
0.0,1.0,1.0,0.0,0.0,0.0,213282.0,2.0,859900.0,1186741.75
0.0,1.0,2.0,0.0,0.0,0.0,213282.0,3.0,0.0,0.0
1.0,0.0,0.0,0.0,0.0,0.0,213762.0,1.0,0.0,633077.0625
1.0,0.0,0.0,0.0,0.0,0.0,213768.0,1.0,1274786.0,633077.0625
1.0,1.0,0.0,0.0,0.0,0.0,213768.0,2.0,1261830.0,1098893.25
1.0,1.0,1.0,0.0,0.0,0.0,213768.0,3.0,1206877.0,1315311.0
1.0,1.0,2.0,0.0,0.0,0.0,213768.0,4.0,0.0,2.68220901489e-07
0.0,1.0,0.0,0.0,0.0,0.0,213699.0,1.0,1199500.0,1288072.125
0.0,1.0,1.0,0.0,0.0,0.0,213699.0,2.0,410364.0,1186741.75
0.0,1.0,2.0,0.0,0.0,0.0,213699.0,3.0,0.0,0.0
1.0,0.0,0.0,0.0,0.0,0.0,213783.0,1.0,1211814.0,633077.0625
1.0,1.0,0.0,0.0,0.0,0.0,213783.0,2.0,1211679.0,1098893.25
1.0,1.0,1.0,0.0,0.0,0.0,213783.0,3.0,1210243.0,1315311.0
1.0,1.0,1.0,1.0,0.0,0.0,213783.0,4.0,1043953.0,279464.75
1.0,1.0,1.0,1.0,1.0,0.0,213783.0,5.0,1043039.0,461983.53125
1.0,1.0,1.0,2.0,1.0,0.0,213783.0,6.0,608121.0,223363.6875
1.0,1.0,1.0,2.0,2.0,0.0,213783.0,7.0,390.0,486961.375
1.0,1.0,1.0,2.0,3.0,0.0,213783.0,8.0,0.0,0.0416013896465
0.0,1.0,0.0,0.0,0.0,0.0,213696.0,1.0,1271141.0,1288072.125
0.0,1.0,1.0,0.0,0.0,0.0,213696.0,2.0,1267718.0,1186741.75
0.0,1.0,2.0,0.0,0.0,0.0,213696.0,3.0,0.0,0.0
0.0,1.0,0.0,0.0,0.0,0.0,213705.0,1.0,790717.0,1288072.125
0.0,1.0,1.0,0.0,0.0,0.0,213705.0,2.0,706022.0,1186741.75
0.0,1.0,2.0,0.0,0.0,0.0,213705.0,3.0,0.0,0.0
0.0,1.0,0.0,0.0,0.0,0.0,213765.0,1.0,1270072.0,1288072.125
0.0,1.0,1.0,0.0,0.0,0.0,213765.0,2.0,514993.0,1186741.75
0.0,1.0,1.0,1.0,0.0,0.0,213765.0,3.0,70441.0,222990.078125
0.0,1.0,1.0,2.0,0.0,0.0,213765.0,4.0,0.0,-1.96695327759e-06
0.0,1.0,0.0,0.0,0.0,0.0,213807.0,1.0,1187188.0,1288072.125
0.0,1.0,1.0,0.0,0.0,0.0,213807.0,2.0,404578.0,1186741.75
0.0,1.0,2.0,0.0,0.0,0.0,213807.0,3.0,0.0,0.0
0.0,1.0,0.0,0.0,0.0,0.0,213735.0,1.0,8374.0,1288072.125
0.0,2.0,0.0,0.0,0.0,0.0,213735.0,2.0,0.0,-1.10864639282e-05
0.0,1.0,0.0,0.0,0.0,0.0,213714.0,1.0,1093671.0,1288072.125
0.0,1.0,1.0,0.0,0.0,0.0,213714.0,2.0,1093291.0,1186741.75
0.0,1.0,2.0,0.0,0.0,0.0,213714.0,3.0,0.0,0.0
0.0,1.0,0.0,0.0,0.0,0.0,213726.0,1.0,778598.0,1288072.125
0.0,1.0,1.0,0.0,0.0,0.0,213726.0,2.0,0.0,1186741.75
0.0,1.0,0.0,0.0,0.0,0.0,213825.0,1.0,1110533.0,1288072.125
0.0,1.0,1.0,0.0,0.0,0.0,213825.0,2.0,942432.0,1186741.75
0.0,1.0,1.0,1.0,0.0,0.0,213825.0,3.0,370064.0,222990.078125
0.0,1.0,1.0,1.0,1.0,0.0,213825.0,4.0,370029.0,355507.875
0.0,1.0,1.0,2.0,1.0,0.0,213825.0,5.0,274776.0,149330.515625
0.0,1.0,1.0,3.0,1.0,0.0,213825.0,6.0,0.0,0.000226080417633
0.0,1.0,0.0,0.0,0.0,0.0,213729.0,1.0,1183379.0,1288072.125
0.0,1.0,1.0,0.0,0.0,0.0,213729.0,2.0,402820.0,1186741.75
0.0,1.0,2.0,0.0,0.0,0.0,213729.0,3.0,0.0,0.0
0.0,1.0,0.0,0.0,0.0,0.0,213771.0,1.0,1261621.0,1288072.125
0.0,1.0,1.0,0.0,0.0,0.0,213771.0,2.0,483050.0,1186741.75
0.0,1.0,2.0,0.0,0.0,0.0,213771.0,3.0,0.0,0.0
0.0,1.0,0.0,0.0,0.0,0.0,213837.0,1.0,835142.0,1288072.125
0.0,1.0,1.0,0.0,0.0,0.0,213837.0,2.0,835128.0,1186741.75
0.0,1.0,2.0,0.0,0.0,0.0,213837.0,3.0,0.0,0.0
0.0,1.0,0.0,0.0,0.0,0.0,213792.0,1.0,828817.0,1288072.125
0.0,1.0,1.0,0.0,0.0,0.0,213792.0,2.0,826205.0,1186741.75
0.0,1.0,1.0,1.0,0.0,0.0,213792.0,3.0,0.0,222990.078125
0.0,1.0,0.0,0.0,0.0,0.0,213753.0,1.0,59511.0,1288072.125
0.0,2.0,0.0,0.0,0.0,0.0,213753.0,2.0,0.0,-1.10864639282e-05
0.0,1.0,0.0,0.0,0.0,0.0,213789.0,1.0,1095640.0,1288072.125
0.0,1.0,1.0,0.0,0.0,0.0,213789.0,2.0,1093926.0,1186741.75
0.0,1.0,1.0,1.0,0.0,0.0,213789.0,3.0,5493.0,222990.078125
0.0,1.0,1.0,1.0,1.0,0.0,213789.0,4.0,950.0,355507.875
0.0,1.0,1.0,1.0,2.0,0.0,213789.0,5.0,0.0,0.0
1.0,0.0,0.0,0.0,0.0,0.0,213855.0,1.0,1281219.0,633077.0625
1.0,1.0,0.0,0.0,0.0,0.0,213855.0,2.0,1279599.0,1098893.25
1.0,1.0,1.0,0.0,0.0,0.0,213855.0,3.0,0.0,1315311.0
0.0,1.0,0.0,0.0,0.0,0.0,213849.0,1.0,866034.0,1288072.125
0.0,1.0,1.0,0.0,0.0,0.0,213849.0,2.0,865925.0,1186741.75
0.0,1.0,2.0,0.0,0.0,0.0,213849.0,3.0,0.0,0.0
1.0,0.0,0.0,0.0,0.0,0.0,213786.0,1.0,249619.0,633077.0625
1.0,1.0,0.0,0.0,0.0,0.0,213786.0,2.0,200512.0,1098893.25
1.0,2.0,0.0,0.0,0.0,0.0,213786.0,3.0,0.0,0.0
1.0,0.0,0.0,0.0,0.0,0.0,213795.0,1.0,585361.0,633077.0625
1.0,1.0,0.0,0.0,0.0,0.0,213795.0,2.0,532203.0,1098893.25
1.0,2.0,0.0,0.0,0.0,0.0,213795.0,3.0,0.0,0.0
1.0,0.0,0.0,0.0,0.0,0.0,213798.0,1.0,0.0,633077.0625
1.0,0.0,0.0,0.0,0.0,0.0,213801.0,1.0,0.0,633077.0625
1.0,0.0,0.0,0.0,0.0,0.0,213804.0,1.0,1180705.0,633077.0625
1.0,1.0,0.0,0.0,0.0,0.0,213804.0,2.0,1132589.0,1098893.25
1.0,1.0,1.0,0.0,0.0,0.0,213804.0,3.0,438149.0,1315311.0
1.0,1.0,1.0,1.0,0.0,0.0,213804.0,4.0,73548.0,279464.75
1.0,1.0,1.0,2.0,0.0,0.0,213804.0,5.0,0.0,-5.96046447754e-08
0.0,1.0,0.0,0.0,0.0,0.0,213819.0,1.0,610.0,1288072.125
0.0,2.0,0.0,0.0,0.0,0.0,213819.0,2.0,0.0,-1.10864639282e-05
1.0,0.0,0.0,0.0,0.0,0.0,213813.0,1.0,772762.0,633077.0625
1.0,1.0,0.0,0.0,0.0,0.0,213813.0,2.0,723316.0,1098893.25
1.0,1.0,1.0,0.0,0.0,0.0,213813.0,3.0,0.0,1315311.0
1.0,0.0,0.0,0.0,0.0,0.0,213822.0,1.0,1096278.0,633077.0625
1.0,1.0,0.0,0.0,0.0,0.0,213822.0,2.0,1044534.0,1098893.25
1.0,1.0,1.0,0.0,0.0,0.0,213822.0,3.0,1044272.0,1315311.0
1.0,1.0,1.0,1.0,0.0,0.0,213822.0,4.0,524367.0,279464.75
1.0,1.0,1.0,2.0,0.0,0.0,213822.0,5.0,0.0,-5.96046447754e-08
1.0,0.0,0.0,0.0,0.0,0.0,213843.0,1.0,0.0,633077.0625
1.0,0.0,0.0,0.0,0.0,0.0,213870.0,1.0,743693.0,633077.0625
1.0,1.0,0.0,0.0,0.0,0.0,213870.0,2.0,691867.0,1098893.25
1.0,1.0,1.0,0.0,0.0,0.0,213870.0,3.0,0.0,1315311.0
1.0,0.0,0.0,0.0,0.0,0.0,213876.0,1.0,0.0,633077.0625
1.0,0.0,0.0,0.0,0.0,0.0,213831.0,1.0,0.0,633077.0625
1.0,0.0,0.0,0.0,0.0,0.0,213882.0,1.0,0.0,633077.0625
1.0,0.0,0.0,0.0,0.0,0.0,213840.0,1.0,134236.0,633077.0625
1.0,1.0,0.0,0.0,0.0,0.0,213840.0,2.0,50965.0,1098893.25
1.0,2.0,0.0,0.0,0.0,0.0,213840.0,3.0,0.0,0.0
1.0,0.0,0.0,0.0,0.0,0.0,213867.0,1.0,864.0,633077.0625
2.0,0.0,0.0,0.0,0.0,0.0,213867.0,2.0,0.0,2.98023223877e-08
1.0,0.0,0.0,0.0,0.0,0.0,213879.0,1.0,1277504.0,633077.0625
1.0,1.0,0.0,0.0,0.0,0.0,213879.0,2.0,1229623.0,1098893.25
1.0,1.0,1.0,0.0,0.0,0.0,213879.0,3.0,502984.0,1315311.0
1.0,1.0,2.0,0.0,0.0,0.0,213879.0,4.0,0.0,2.68220901489e-07
0.0,1.0,0.0,0.0,0.0,0.0,213891.0,1.0,1106458.0,1288072.125
0.0,1.0,1.0,0.0,0.0,0.0,213891.0,2.0,530146.0,1186741.75
0.0,1.0,1.0,1.0,0.0,0.0,213891.0,3.0,10213.0,222990.078125
0.0,1.0,1.0,1.0,1.0,0.0,213891.0,4.0,0.0,355507.875
0.0,1.0,0.0,0.0,0.0,0.0,213858.0,1.0,737620.0,1288072.125
0.0,1.0,1.0,0.0,0.0,0.0,213858.0,2.0,0.0,1186741.75
1.0,0.0,0.0,0.0,0.0,0.0,213912.0,1.0,10565.0,633077.0625
1.0,1.0,0.0,0.0,0.0,0.0,213912.0,2.0,0.0,1098893.25
1.0,0.0,0.0,0.0,0.0,0.0,213918.0,1.0,1163286.0,633077.0625
1.0,1.0,0.0,0.0,0.0,0.0,213918.0,2.0,1141280.0,1098893.25
1.0,2.0,0.0,0.0,0.0,0.0,213918.0,3.0,0.0,0.0
1.0,0.0,0.0,0.0,0.0,0.0,213915.0,1.0,0.0,633077.0625
1.0,0.0,0.0,0.0,0.0,0.0,213936.0,1.0,101070.0,633077.0625
1.0,1.0,0.0,0.0,0.0,0.0,213936.0,2.0,61882.0,1098893.25
1.0,2.0,0.0,0.0,0.0,0.0,213936.0,3.0,0.0,0.0
0.0,1.0,0.0,0.0,0.0,0.0,213873.0,1.0,727094.0,1288072.125
0.0,1.0,1.0,0.0,0.0,0.0,213873.0,2.0,555669.0,1186741.75
0.0,1.0,1.0,1.0,0.0,0.0,213873.0,3.0,11348.0,222990.078125
0.0,1.0,1.0,2.0,0.0,0.0,213873.0,4.0,0.0,-1.96695327759e-06
1.0,0.0,0.0,0.0,0.0,0.0,213924.0,1.0,799.0,633077.0625
2.0,0.0,0.0,0.0,0.0,0.0,213924.0,2.0,0.0,2.98023223877e-08
1.0,0.0,0.0,0.0,0.0,0.0,213927.0,1.0,884436.0,633077.0625
1.0,1.0,0.0,0.0,0.0,0.0,213927.0,2.0,874430.0,1098893.25
1.0,1.0,1.0,0.0,0.0,0.0,213927.0,3.0,0.0,1315311.0
1.0,0.0,0.0,0.0,0.0,0.0,213942.0,1.0,729748.0,633077.0625
1.0,1.0,0.0,0.0,0.0,0.0,213942.0,2.0,719589.0,1098893.25
1.0,1.0,1.0,0.0,0.0,0.0,213942.0,3.0,701846.0,1315311.0
1.0,1.0,2.0,0.0,0.0,0.0,213942.0,4.0,0.0,2.68220901489e-07
1.0,0.0,0.0,0.0,0.0,0.0,213945.0,1.0,0.0,633077.0625
1.0,0.0,0.0,0.0,0.0,0.0,213948.0,1.0,780235.0,633077.0625
1.0,1.0,0.0,0.0,0.0,0.0,213948.0,2.0,689790.0,1098893.25
1.0,1.0,1.0,0.0,0.0,0.0,213948.0,3.0,0.0,1315311.0
1.0,0.0,0.0,0.0,0.0,0.0,213951.0,1.0,0.0,633077.0625
1.0,0.0,0.0,0.0,0.0,0.0,213954.0,1.0,1123833.0,633077.0625
1.0,1.0,0.0,0.0,0.0,0.0,213954.0,2.0,1029093.0,1098893.25
1.0,1.0,1.0,0.0,0.0,0.0,213954.0,3.0,497928.0,1315311.0
1.0,1.0,1.0,1.0,0.0,0.0,213954.0,4.0,0.0,279464.75
0.0,1.0,0.0,0.0,0.0,0.0,214001.0,1.0,785748.0,1288072.125
0.0,2.0,0.0,0.0,0.0,0.0,214001.0,2.0,0.0,-1.10864639282e-05
0.0,1.0,0.0,0.0,0.0,0.0,213861.0,1.0,195203.0,1288072.125
0.0,2.0,0.0,0.0,0.0,0.0,213861.0,2.0,0.0,-1.10864639282e-05
1.0,0.0,0.0,0.0,0.0,0.0,213983.0,1.0,112796.0,633077.0625
1.0,1.0,0.0,0.0,0.0,0.0,213983.0,2.0,74952.0,1098893.25
1.0,2.0,0.0,0.0,0.0,0.0,213983.0,3.0,0.0,0.0
1.0,0.0,0.0,0.0,0.0,0.0,213992.0,1.0,0.0,633077.0625
1.0,0.0,0.0,0.0,0.0,0.0,213995.0,1.0,701396.0,633077.0625
1.0,1.0,0.0,0.0,0.0,0.0,213995.0,2.0,691063.0,1098893.25
1.0,1.0,1.0,0.0,0.0,0.0,213995.0,3.0,599512.0,1315311.0
1.0,1.0,1.0,1.0,0.0,0.0,213995.0,4.0,76169.0,279464.75
1.0,1.0,1.0,1.0,1.0,0.0,213995.0,5.0,73297.0,461983.53125
1.0,1.0,1.0,2.0,1.0,0.0,213995.0,6.0,0.0,223363.6875
1.0,0.0,0.0,0.0,0.0,0.0,213957.0,1.0,1047469.0,633077.0625
1.0,1.0,0.0,0.0,0.0,0.0,213957.0,2.0,1038141.0,1098893.25
1.0,1.0,1.0,0.0,0.0,0.0,213957.0,3.0,1015551.0,1315311.0
1.0,1.0,2.0,0.0,0.0,0.0,213957.0,4.0,0.0,2.68220901489e-07
1.0,0.0,0.0,0.0,0.0,0.0,214004.0,1.0,86387.0,633077.0625
1.0,1.0,0.0,0.0,0.0,0.0,214004.0,2.0,76500.0,1098893.25
1.0,2.0,0.0,0.0,0.0,0.0,214004.0,3.0,0.0,0.0
0.0,1.0,0.0,0.0,0.0,0.0,213888.0,1.0,814643.0,1288072.125
0.0,1.0,1.0,0.0,0.0,0.0,213888.0,2.0,711461.0,1186741.75
0.0,1.0,2.0,0.0,0.0,0.0,213888.0,3.0,0.0,0.0
0.0,1.0,0.0,0.0,0.0,0.0,214010.0,1.0,867918.0,1288072.125
0.0,1.0,1.0,0.0,0.0,0.0,214010.0,2.0,332532.0,1186741.75
0.0,1.0,1.0,1.0,0.0,0.0,214010.0,3.0,2908.0,222990.078125
0.0,1.0,1.0,2.0,0.0,0.0,214010.0,4.0,0.0,-1.96695327759e-06
1.0,0.0,0.0,0.0,0.0,0.0,214019.0,1.0,1043415.0,633077.0625
1.0,1.0,0.0,0.0,0.0,0.0,214019.0,2.0,1043356.0,1098893.25
1.0,1.0,1.0,0.0,0.0,0.0,214019.0,3.0,1012925.0,1315311.0
1.0,1.0,1.0,1.0,0.0,0.0,214019.0,4.0,0.0,279464.75
0.0,1.0,0.0,0.0,0.0,0.0,213894.0,1.0,704917.0,1288072.125
0.0,2.0,0.0,0.0,0.0,0.0,213894.0,2.0,0.0,-1.10864639282e-05
0.0,1.0,0.0,0.0,0.0,0.0,213900.0,1.0,1024810.0,1288072.125
0.0,1.0,1.0,0.0,0.0,0.0,213900.0,2.0,915674.0,1186741.75
0.0,1.0,1.0,1.0,0.0,0.0,213900.0,3.0,0.0,222990.078125
0.0,1.0,0.0,0.0,0.0,0.0,213906.0,1.0,1142927.0,1288072.125
0.0,1.0,1.0,0.0,0.0,0.0,213906.0,2.0,1043521.0,1186741.75
0.0,1.0,1.0,1.0,0.0,0.0,213906.0,3.0,86.0,222990.078125
0.0,1.0,1.0,1.0,1.0,0.0,213906.0,4.0,0.0,355507.875
0.0,1.0,0.0,0.0,0.0,0.0,213930.0,1.0,1030274.0,1288072.125
0.0,1.0,1.0,0.0,0.0,0.0,213930.0,2.0,504030.0,1186741.75
0.0,1.0,1.0,1.0,0.0,0.0,213930.0,3.0,160446.0,222990.078125
0.0,1.0,1.0,1.0,1.0,0.0,213930.0,4.0,149789.0,355507.875
0.0,1.0,1.0,2.0,1.0,0.0,213930.0,5.0,0.0,149330.515625
0.0,1.0,0.0,0.0,0.0,0.0,214040.0,1.0,1055022.0,1288072.125
0.0,1.0,1.0,0.0,0.0,0.0,214040.0,2.0,1043708.0,1186741.75
0.0,1.0,1.0,1.0,0.0,0.0,214040.0,3.0,360475.0,222990.078125
0.0,1.0,1.0,2.0,0.0,0.0,214040.0,4.0,0.0,-1.96695327759e-06
0.0,1.0,0.0,0.0,0.0,0.0,213939.0,1.0,723330.0,1288072.125
0.0,1.0,1.0,0.0,0.0,0.0,213939.0,2.0,0.0,1186741.75
0.0,1.0,0.0,0.0,0.0,0.0,214037.0,1.0,112937.0,1288072.125
0.0,1.0,1.0,0.0,0.0,0.0,214037.0,2.0,0.0,1186741.75
0.0,1.0,0.0,0.0,0.0,0.0,213960.0,1.0,1133967.0,1288072.125
0.0,1.0,1.0,0.0,0.0,0.0,213960.0,2.0,1129915.0,1186741.75
0.0,1.0,2.0,0.0,0.0,0.0,213960.0,3.0,0.0,0.0
0.0,1.0,0.0,0.0,0.0,0.0,213921.0,1.0,1200910.0,1288072.125
0.0,1.0,1.0,0.0,0.0,0.0,213921.0,2.0,1030864.0,1186741.75
0.0,1.0,2.0,0.0,0.0,0.0,213921.0,3.0,0.0,0.0
0.0,1.0,0.0,0.0,0.0,0.0,213963.0,1.0,772293.0,1288072.125
0.0,1.0,1.0,0.0,0.0,0.0,213963.0,2.0,51677.0,1186741.75
0.0,1.0,2.0,0.0,0.0,0.0,213963.0,3.0,0.0,0.0
0.0,1.0,0.0,0.0,0.0,0.0,213966.0,1.0,1222921.0,1288072.125
0.0,1.0,1.0,0.0,0.0,0.0,213966.0,2.0,503378.0,1186741.75
0.0,1.0,2.0,0.0,0.0,0.0,213966.0,3.0,0.0,0.0
0.0,1.0,0.0,0.0,0.0,0.0,213980.0,1.0,1038540.0,1288072.125
0.0,1.0,1.0,0.0,0.0,0.0,213980.0,2.0,0.0,1186741.75
1.0,0.0,0.0,0.0,0.0,0.0,214046.0,1.0,1222001.0,633077.0625
1.0,1.0,0.0,0.0,0.0,0.0,214046.0,2.0,1221951.0,1098893.25
1.0,1.0,1.0,0.0,0.0,0.0,214046.0,3.0,1221868.0,1315311.0
1.0,1.0,1.0,1.0,0.0,0.0,214046.0,4.0,1219839.0,279464.75
1.0,1.0,1.0,1.0,1.0,0.0,214046.0,5.0,1208960.0,461983.53125
1.0,1.0,1.0,2.0,1.0,0.0,214046.0,6.0,88942.0,223363.6875
1.0,1.0,1.0,2.0,2.0,0.0,214046.0,7.0,75767.0,486961.375
1.0,1.0,1.0,3.0,2.0,0.0,214046.0,8.0,13755.0,102798.632812
1.0,1.0,1.0,3.0,3.0,0.0,214046.0,9.0,0.0,265378.84375
0.0,1.0,0.0,0.0,0.0,0.0,213969.0,1.0,1037468.0,1288072.125
0.0,2.0,0.0,0.0,0.0,0.0,213969.0,2.0,0.0,-1.10864639282e-05
0.0,1.0,0.0,0.0,0.0,0.0,213986.0,1.0,174521.0,1288072.125
0.0,2.0,0.0,0.0,0.0,0.0,213986.0,2.0,0.0,-1.10864639282e-05
0.0,1.0,0.0,0.0,0.0,0.0,213977.0,1.0,201406.0,1288072.125
0.0,2.0,0.0,0.0,0.0,0.0,213977.0,2.0,0.0,-1.10864639282e-05
1.0,0.0,0.0,0.0,0.0,0.0,214061.0,1.0,1197938.0,633077.0625
1.0,1.0,0.0,0.0,0.0,0.0,214061.0,2.0,1197410.0,1098893.25
1.0,1.0,1.0,0.0,0.0,0.0,214061.0,3.0,1197149.0,1315311.0
1.0,1.0,1.0,1.0,0.0,0.0,214061.0,4.0,86536.0,279464.75
1.0,1.0,1.0,2.0,0.0,0.0,214061.0,5.0,0.0,-5.96046447754e-08
0.0,1.0,0.0,0.0,0.0,0.0,214070.0,1.0,1122687.0,1288072.125
0.0,1.0,1.0,0.0,0.0,0.0,214070.0,2.0,407149.0,1186741.75
0.0,1.0,2.0,0.0,0.0,0.0,214070.0,3.0,0.0,0.0
1.0,0.0,0.0,0.0,0.0,0.0,214085.0,1.0,587916.0,633077.0625
1.0,1.0,0.0,0.0,0.0,0.0,214085.0,2.0,587243.0,1098893.25
1.0,1.0,1.0,0.0,0.0,0.0,214085.0,3.0,77274.0,1315311.0
1.0,1.0,1.0,1.0,0.0,0.0,214085.0,4.0,0.0,279464.75
0.0,1.0,0.0,0.0,0.0,0.0,214055.0,1.0,713918.0,1288072.125
0.0,1.0,1.0,0.0,0.0,0.0,214055.0,2.0,0.0,1186741.75
1.0,0.0,0.0,0.0,0.0,0.0,214103.0,1.0,0.0,633077.0625
1.0,0.0,0.0,0.0,0.0,0.0,214097.0,1.0,0.0,633077.0625
1.0,0.0,0.0,0.0,0.0,0.0,214073.0,1.0,0.0,633077.0625
1.0,0.0,0.0,0.0,0.0,0.0,214067.0,1.0,0.0,633077.0625
1.0,0.0,0.0,0.0,0.0,0.0,214058.0,1.0,1209184.0,633077.0625
1.0,1.0,0.0,0.0,0.0,0.0,214058.0,2.0,1121393.0,1098893.25
1.0,1.0,1.0,0.0,0.0,0.0,214058.0,3.0,1120880.0,1315311.0
1.0,1.0,1.0,1.0,0.0,0.0,214058.0,4.0,0.0,279464.75
1.0,0.0,0.0,0.0,0.0,0.0,214031.0,1.0,1031416.0,633077.0625
1.0,1.0,0.0,0.0,0.0,0.0,214031.0,2.0,945227.0,1098893.25
1.0,1.0,1.0,0.0,0.0,0.0,214031.0,3.0,942089.0,1315311.0
1.0,1.0,2.0,0.0,0.0,0.0,214031.0,4.0,0.0,2.68220901489e-07
0.0,1.0,0.0,0.0,0.0,0.0,214028.0,1.0,713267.0,1288072.125
0.0,1.0,1.0,0.0,0.0,0.0,214028.0,2.0,0.0,1186741.75
1.0,0.0,0.0,0.0,0.0,0.0,214136.0,1.0,0.0,633077.0625
1.0,0.0,0.0,0.0,0.0,0.0,214133.0,1.0,86007.0,633077.0625
1.0,1.0,0.0,0.0,0.0,0.0,214133.0,2.0,0.0,1098893.25
1.0,0.0,0.0,0.0,0.0,0.0,214130.0,1.0,77482.0,633077.0625
1.0,1.0,0.0,0.0,0.0,0.0,214130.0,2.0,0.0,1098893.25
1.0,0.0,0.0,0.0,0.0,0.0,214127.0,1.0,91936.0,633077.0625
1.0,1.0,0.0,0.0,0.0,0.0,214127.0,2.0,6516.0,1098893.25
1.0,2.0,0.0,0.0,0.0,0.0,214127.0,3.0,0.0,0.0
0.0,1.0,0.0,0.0,0.0,0.0,214139.0,1.0,1008520.0,1288072.125
0.0,1.0,1.0,0.0,0.0,0.0,214139.0,2.0,1007435.0,1186741.75
0.0,1.0,1.0,1.0,0.0,0.0,214139.0,3.0,229069.0,222990.078125
0.0,1.0,1.0,1.0,1.0,0.0,214139.0,4.0,223250.0,355507.875
0.0,1.0,1.0,2.0,1.0,0.0,214139.0,5.0,0.0,149330.515625
0.0,1.0,0.0,0.0,0.0,0.0,214034.0,1.0,793034.0,1288072.125
0.0,1.0,1.0,0.0,0.0,0.0,214034.0,2.0,83816.0,1186741.75
0.0,1.0,2.0,0.0,0.0,0.0,214034.0,3.0,0.0,0.0
1.0,0.0,0.0,0.0,0.0,0.0,214154.0,1.0,0.0,633077.0625
1.0,0.0,0.0,0.0,0.0,0.0,214115.0,1.0,0.0,633077.0625
1.0,0.0,0.0,0.0,0.0,0.0,214166.0,1.0,0.0,633077.0625
1.0,0.0,0.0,0.0,0.0,0.0,214160.0,1.0,0.0,633077.0625
1.0,0.0,0.0,0.0,0.0,0.0,214124.0,1.0,6373.0,633077.0625
2.0,0.0,0.0,0.0,0.0,0.0,214124.0,2.0,0.0,2.98023223877e-08
0.0,1.0,0.0,0.0,0.0,0.0,214025.0,1.0,770805.0,1288072.125
0.0,1.0,1.0,0.0,0.0,0.0,214025.0,2.0,769764.0,1186741.75
0.0,1.0,1.0,1.0,0.0,0.0,214025.0,3.0,7457.0,222990.078125
0.0,1.0,1.0,1.0,1.0,0.0,214025.0,4.0,1722.0,355507.875
0.0,1.0,1.0,1.0,2.0,0.0,214025.0,5.0,0.0,0.0
1.0,0.0,0.0,0.0,0.0,0.0,214175.0,1.0,516022.0,633077.0625
1.0,1.0,0.0,0.0,0.0,0.0,214175.0,2.0,515961.0,1098893.25
1.0,2.0,0.0,0.0,0.0,0.0,214175.0,3.0,0.0,0.0
0.0,1.0,0.0,0.0,0.0,0.0,214172.0,1.0,1204354.0,1288072.125
0.0,1.0,1.0,0.0,0.0,0.0,214172.0,2.0,706411.0,1186741.75
0.0,1.0,1.0,1.0,0.0,0.0,214172.0,3.0,432490.0,222990.078125
0.0,1.0,1.0,1.0,1.0,0.0,214172.0,4.0,194463.0,355507.875
0.0,1.0,1.0,1.0,2.0,0.0,214172.0,5.0,0.0,0.0
1.0,0.0,0.0,0.0,0.0,0.0,214181.0,1.0,1117585.0,633077.0625
1.0,1.0,0.0,0.0,0.0,0.0,214181.0,2.0,1034217.0,1098893.25
1.0,2.0,0.0,0.0,0.0,0.0,214181.0,3.0,0.0,0.0
0.0,1.0,0.0,0.0,0.0,0.0,214184.0,1.0,1020153.0,1288072.125
0.0,2.0,0.0,0.0,0.0,0.0,214184.0,2.0,0.0,-1.10864639282e-05
0.0,1.0,0.0,0.0,0.0,0.0,214208.0,1.0,1186826.0,1288072.125
0.0,1.0,1.0,0.0,0.0,0.0,214208.0,2.0,1186618.0,1186741.75
0.0,1.0,2.0,0.0,0.0,0.0,214208.0,3.0,0.0,0.0
0.0,1.0,0.0,0.0,0.0,0.0,214199.0,1.0,358.0,1288072.125
0.0,2.0,0.0,0.0,0.0,0.0,214199.0,2.0,0.0,-1.10864639282e-05
1.0,0.0,0.0,0.0,0.0,0.0,214157.0,1.0,0.0,633077.0625
1.0,0.0,0.0,0.0,0.0,0.0,214187.0,1.0,0.0,633077.0625
1.0,0.0,0.0,0.0,0.0,0.0,214190.0,1.0,0.0,633077.0625
0.0,1.0,0.0,0.0,0.0,0.0,214220.0,1.0,1193989.0,1288072.125
0.0,1.0,1.0,0.0,0.0,0.0,214220.0,2.0,1193893.0,1186741.75
0.0,1.0,1.0,1.0,0.0,0.0,214220.0,3.0,2789.0,222990.078125
0.0,1.0,1.0,1.0,0.0,1.0,214220.0,4.0,2671.0,298705.09375
0.0,1.0,1.0,2.0,0.0,1.0,214220.0,5.0,0.0,296424.84375
1.0,0.0,0.0,0.0,0.0,0.0,214202.0,1.0,0.0,633077.0625
1.0,0.0,0.0,0.0,0.0,0.0,214205.0,1.0,786807.0,633077.0625
1.0,1.0,0.0,0.0,0.0,0.0,214205.0,2.0,707682.0,1098893.25
1.0,1.0,1.0,0.0,0.0,0.0,214205.0,3.0,0.0,1315311.0
0.0,1.0,0.0,0.0,0.0,0.0,214226.0,1.0,762769.0,1288072.125
0.0,1.0,1.0,0.0,0.0,0.0,214226.0,2.0,272752.0,1186741.75
0.0,1.0,1.0,1.0,0.0,0.0,214226.0,3.0,11948.0,222990.078125
0.0,1.0,1.0,1.0,1.0,0.0,214226.0,4.0,9449.0,355507.875
0.0,1.0,1.0,2.0,1.0,0.0,214226.0,5.0,2797.0,149330.515625
0.0,1.0,1.0,3.0,1.0,0.0,214226.0,6.0,0.0,0.000226080417633
1.0,0.0,0.0,0.0,0.0,0.0,214232.0,1.0,0.0,633077.0625
1.0,0.0,0.0,0.0,0.0,0.0,214235.0,1.0,3595.0,633077.0625
2.0,0.0,0.0,0.0,0.0,0.0,214235.0,2.0,0.0,2.98023223877e-08
0.0,1.0,0.0,0.0,0.0,0.0,214238.0,1.0,1192117.0,1288072.125
0.0,1.0,1.0,0.0,0.0,0.0,214238.0,2.0,1191624.0,1186741.75
0.0,1.0,1.0,1.0,0.0,0.0,214238.0,3.0,7552.0,222990.078125
0.0,1.0,1.0,2.0,0.0,0.0,214238.0,4.0,0.0,-1.96695327759e-06
0.0,1.0,0.0,0.0,0.0,0.0,214241.0,1.0,1006905.0,1288072.125
0.0,1.0,1.0,0.0,0.0,0.0,214241.0,2.0,1006747.0,1186741.75
0.0,1.0,2.0,0.0,0.0,0.0,214241.0,3.0,0.0,0.0
0.0,1.0,0.0,0.0,0.0,0.0,214247.0,1.0,610472.0,1288072.125
0.0,1.0,1.0,0.0,0.0,0.0,214247.0,2.0,610457.0,1186741.75
0.0,1.0,2.0,0.0,0.0,0.0,214247.0,3.0,0.0,0.0
0.0,1.0,0.0,0.0,0.0,0.0,214250.0,1.0,1006760.0,1288072.125
0.0,1.0,1.0,0.0,0.0,0.0,214250.0,2.0,1006509.0,1186741.75
0.0,1.0,1.0,1.0,0.0,0.0,214250.0,3.0,0.0,222990.078125
0.0,1.0,0.0,0.0,0.0,0.0,214268.0,1.0,1107146.0,1288072.125
0.0,1.0,1.0,0.0,0.0,0.0,214268.0,2.0,606683.0,1186741.75
0.0,1.0,1.0,1.0,0.0,0.0,214268.0,3.0,432259.0,222990.078125
0.0,1.0,1.0,1.0,1.0,0.0,214268.0,4.0,424466.0,355507.875
0.0,1.0,1.0,2.0,1.0,0.0,214268.0,5.0,933.0,149330.515625
0.0,1.0,1.0,3.0,1.0,0.0,214268.0,6.0,0.0,0.000226080417633
1.0,0.0,0.0,0.0,0.0,0.0,214244.0,1.0,156466.0,633077.0625
1.0,1.0,0.0,0.0,0.0,0.0,214244.0,2.0,99507.0,1098893.25
1.0,2.0,0.0,0.0,0.0,0.0,214244.0,3.0,0.0,0.0
0.0,1.0,0.0,0.0,0.0,0.0,214277.0,1.0,752591.0,1288072.125
0.0,1.0,1.0,0.0,0.0,0.0,214277.0,2.0,752129.0,1186741.75
0.0,1.0,1.0,1.0,0.0,0.0,214277.0,3.0,409.0,222990.078125
0.0,1.0,1.0,2.0,0.0,0.0,214277.0,4.0,0.0,-1.96695327759e-06
0.0,1.0,0.0,0.0,0.0,0.0,214274.0,1.0,0.0,1288072.125
1.0,0.0,0.0,0.0,0.0,0.0,214259.0,1.0,0.0,633077.0625
0.0,1.0,0.0,0.0,0.0,0.0,213998.0,1.0,1193205.0,1288072.125
0.0,1.0,1.0,0.0,0.0,0.0,213998.0,2.0,0.0,1186741.75
1.0,0.0,0.0,0.0,0.0,0.0,214265.0,1.0,0.0,633077.0625
0.0,1.0,0.0,0.0,0.0,0.0,214022.0,1.0,1094456.0,1288072.125
0.0,1.0,1.0,0.0,0.0,0.0,214022.0,2.0,1094147.0,1186741.75
0.0,1.0,2.0,0.0,0.0,0.0,214022.0,3.0,0.0,0.0
0.0,1.0,0.0,0.0,0.0,0.0,214286.0,1.0,1024999.0,1288072.125
0.0,1.0,1.0,0.0,0.0,0.0,214286.0,2.0,521230.0,1186741.75
0.0,1.0,1.0,1.0,0.0,0.0,214286.0,3.0,263378.0,222990.078125
0.0,1.0,1.0,1.0,1.0,0.0,214286.0,4.0,28462.0,355507.875
0.0,1.0,1.0,1.0,2.0,0.0,214286.0,5.0,0.0,0.0
0.0,1.0,0.0,0.0,0.0,0.0,214289.0,1.0,691211.0,1288072.125
0.0,1.0,1.0,0.0,0.0,0.0,214289.0,2.0,691197.0,1186741.75
0.0,1.0,2.0,0.0,0.0,0.0,214289.0,3.0,0.0,0.0
0.0,1.0,0.0,0.0,0.0,0.0,214052.0,1.0,1002461.0,1288072.125
0.0,1.0,1.0,0.0,0.0,0.0,214052.0,2.0,511568.0,1186741.75
0.0,1.0,1.0,1.0,0.0,0.0,214052.0,3.0,172382.0,222990.078125
0.0,1.0,1.0,1.0,1.0,0.0,214052.0,4.0,162307.0,355507.875
0.0,1.0,1.0,2.0,1.0,0.0,214052.0,5.0,0.0,149330.515625
0.0,1.0,0.0,0.0,0.0,0.0,214121.0,1.0,1117559.0,1288072.125
0.0,2.0,0.0,0.0,0.0,0.0,214121.0,2.0,0.0,-1.10864639282e-05
0.0,1.0,0.0,0.0,0.0,0.0,214106.0,1.0,484272.0,1288072.125
0.0,1.0,1.0,0.0,0.0,0.0,214106.0,2.0,0.0,1186741.75
0.0,0.0,0.0,0.0,0.0,1.0,213846.0,1.0,34546.0,220978.71875
1.0,0.0,0.0,0.0,0.0,1.0,213846.0,2.0,31135.0,370303.1875
1.0,0.0,0.0,0.0,0.0,2.0,213846.0,3.0,27253.0,334033.71875
2.0,0.0,0.0,0.0,0.0,2.0,213846.0,4.0,18493.0,317302.5
2.0,1.0,0.0,0.0,0.0,2.0,213846.0,5.0,14370.0,1903120.25
2.0,2.0,0.0,0.0,0.0,2.0,213846.0,6.0,0.0,2507744.5
1.0,0.0,0.0,0.0,0.0,0.0,214319.0,1.0,38688.0,633077.0625
1.0,1.0,0.0,0.0,0.0,0.0,214319.0,2.0,0.0,1098893.25
1.0,0.0,0.0,0.0,0.0,0.0,214325.0,1.0,0.0,633077.0625
1.0,0.0,0.0,0.0,0.0,0.0,214322.0,1.0,0.0,633077.0625
1.0,0.0,0.0,0.0,0.0,0.0,214334.0,1.0,0.0,633077.0625
1.0,0.0,0.0,0.0,0.0,0.0,214337.0,1.0,0.0,633077.0625
1.0,0.0,0.0,0.0,0.0,0.0,214343.0,1.0,0.0,633077.0625
1.0,0.0,0.0,0.0,0.0,0.0,214349.0,1.0,0.0,633077.0625
1.0,0.0,0.0,0.0,0.0,0.0,214376.0,1.0,0.0,633077.0625
1.0,0.0,0.0,0.0,0.0,0.0,214373.0,1.0,789782.0,633077.0625
1.0,1.0,0.0,0.0,0.0,0.0,214373.0,2.0,750493.0,1098893.25
1.0,1.0,1.0,0.0,0.0,0.0,214373.0,3.0,0.0,1315311.0
1.0,0.0,0.0,0.0,0.0,0.0,214370.0,1.0,0.0,633077.0625
1.0,0.0,0.0,0.0,0.0,0.0,214301.0,1.0,1317.0,633077.0625
2.0,0.0,0.0,0.0,0.0,0.0,214301.0,2.0,0.0,2.98023223877e-08
0.0,1.0,0.0,0.0,0.0,0.0,214142.0,1.0,958254.0,1288072.125
0.0,1.0,1.0,0.0,0.0,0.0,214142.0,2.0,520712.0,1186741.75
0.0,1.0,1.0,1.0,0.0,0.0,214142.0,3.0,0.0,222990.078125
0.0,1.0,0.0,0.0,0.0,0.0,214088.0,1.0,1131900.0,1288072.125
0.0,1.0,1.0,0.0,0.0,0.0,214088.0,2.0,1131640.0,1186741.75
0.0,1.0,2.0,0.0,0.0,0.0,214088.0,3.0,0.0,0.0
0.0,1.0,0.0,0.0,0.0,0.0,214358.0,1.0,729167.0,1288072.125
0.0,1.0,1.0,0.0,0.0,0.0,214358.0,2.0,0.0,1186741.75
0.0,1.0,0.0,0.0,0.0,0.0,214064.0,1.0,359591.0,1288072.125
0.0,1.0,1.0,0.0,0.0,0.0,214064.0,2.0,0.0,1186741.75
0.0,1.0,0.0,0.0,0.0,0.0,214364.0,1.0,687163.0,1288072.125
0.0,1.0,1.0,0.0,0.0,0.0,214364.0,2.0,607624.0,1186741.75
0.0,1.0,2.0,0.0,0.0,0.0,214364.0,3.0,0.0,0.0
0.0,1.0,0.0,0.0,0.0,0.0,214091.0,1.0,1031249.0,1288072.125
0.0,1.0,1.0,0.0,0.0,0.0,214091.0,2.0,1016034.0,1186741.75
0.0,1.0,1.0,1.0,0.0,0.0,214091.0,3.0,77163.0,222990.078125
0.0,1.0,1.0,1.0,1.0,0.0,214091.0,4.0,0.0,355507.875
0.0,1.0,0.0,0.0,0.0,0.0,214262.0,1.0,711237.0,1288072.125
0.0,1.0,1.0,0.0,0.0,0.0,214262.0,2.0,0.0,1186741.75
0.0,1.0,0.0,0.0,0.0,0.0,214313.0,1.0,766491.0,1288072.125
0.0,1.0,1.0,0.0,0.0,0.0,214313.0,2.0,763055.0,1186741.75
0.0,1.0,2.0,0.0,0.0,0.0,214313.0,3.0,0.0,0.0
0.0,1.0,0.0,0.0,0.0,0.0,214361.0,1.0,1022248.0,1288072.125
0.0,1.0,1.0,0.0,0.0,0.0,214361.0,2.0,1011223.0,1186741.75
0.0,1.0,1.0,1.0,0.0,0.0,214361.0,3.0,68951.0,222990.078125
0.0,1.0,1.0,2.0,0.0,0.0,214361.0,4.0,0.0,-1.96695327759e-06
0.0,1.0,0.0,0.0,0.0,0.0,214223.0,1.0,764796.0,1288072.125
0.0,1.0,1.0,0.0,0.0,0.0,214223.0,2.0,762311.0,1186741.75
0.0,1.0,2.0,0.0,0.0,0.0,214223.0,3.0,0.0,0.0
0.0,1.0,0.0,0.0,0.0,0.0,214148.0,1.0,1052055.0,1288072.125
0.0,1.0,1.0,0.0,0.0,0.0,214148.0,2.0,1051710.0,1186741.75
0.0,1.0,2.0,0.0,0.0,0.0,214148.0,3.0,0.0,0.0
0.0,1.0,0.0,0.0,0.0,0.0,214211.0,1.0,968510.0,1288072.125
0.0,1.0,1.0,0.0,0.0,0.0,214211.0,2.0,968233.0,1186741.75
0.0,1.0,2.0,0.0,0.0,0.0,214211.0,3.0,0.0,0.0
0.0,1.0,0.0,0.0,0.0,0.0,214283.0,1.0,764576.0,1288072.125
0.0,1.0,1.0,0.0,0.0,0.0,214283.0,2.0,758473.0,1186741.75
0.0,1.0,2.0,0.0,0.0,0.0,214283.0,3.0,0.0,0.0
0.0,1.0,0.0,0.0,0.0,0.0,214256.0,1.0,0.0,1288072.125
0.0,1.0,0.0,0.0,0.0,0.0,214310.0,1.0,764383.0,1288072.125
0.0,1.0,1.0,0.0,0.0,0.0,214310.0,2.0,0.0,1186741.75
0.0,1.0,0.0,0.0,0.0,0.0,214271.0,1.0,1100341.0,1288072.125
0.0,2.0,0.0,0.0,0.0,0.0,214271.0,2.0,0.0,-1.10864639282e-05
0.0,1.0,0.0,0.0,0.0,0.0,214304.0,1.0,1100162.0,1288072.125
0.0,2.0,0.0,0.0,0.0,0.0,214304.0,2.0,0.0,-1.10864639282e-05
0.0,1.0,0.0,0.0,0.0,0.0,214298.0,1.0,358.0,1288072.125
0.0,2.0,0.0,0.0,0.0,0.0,214298.0,2.0,0.0,-1.10864639282e-05
0.0,1.0,0.0,0.0,0.0,0.0,214352.0,1.0,1113723.0,1288072.125
0.0,1.0,1.0,0.0,0.0,0.0,214352.0,2.0,1065092.0,1186741.75
0.0,1.0,1.0,1.0,0.0,0.0,214352.0,3.0,0.0,222990.078125
0.0,1.0,0.0,0.0,0.0,0.0,214346.0,1.0,421721.0,1288072.125
0.0,2.0,0.0,0.0,0.0,0.0,214346.0,2.0,0.0,-1.10864639282e-05
0.0,1.0,0.0,0.0,0.0,0.0,214355.0,1.0,659941.0,1288072.125
0.0,1.0,1.0,0.0,0.0,0.0,214355.0,2.0,0.0,1186741.75
